{"content":"\r\n  \r\n  <h1>\r\n    <span class=\"lang-csharp\">Authentication&#8203;Middleware</span>\r\n    \t\t\t\tClass\r\n  </h1>\r\n  \r\n  \t\t\t<h2 class=\"hiddenAnchor\">Definition</h2>\r\n  \r\n  <div class=\"metadata\">\r\n  \t\t<dl class=\"attributeList\">\r\n  \t\t\t<dt>Namespace:</dt>\r\n  \t\t\t<dd>\r\n  \t\t\t\t\t<span class=\"lang-csharp\"><a class=\"xref\" href=\"microsoft.aspnetcore.authentication\" data-linktype=\"relative-path\">Microsoft.AspNetCore.Authentication</a></span>\r\n  \t\t\t</dd>\r\n  \t\t</dl>\r\n  \r\n  \t\t<dl class=\"attributeList\">\r\n  \t\t\t<dt>Assembly:</dt><dd>Microsoft.AspNetCore.Authentication.dll</dd>\r\n  \t\t</dl>\r\n  \r\n  </div>\r\n  \r\n  <nav id=\"center-doc-outline\" class=\"doc-outline\" ms.cmpgrp=\"intopic toc\" data-bi-name=\"intopic toc\" role=\"navigation\" aria-label=\"On page navigation\">\r\n    <h3>In This Article</h3>\r\n  </nav>\t<pre class=\"wrap loading\"><code class=\"csharp lang-csharp\">public class AuthenticationMiddleware</code></pre>\r\n  \r\n  \r\n  \r\n  \r\n  \r\n  \t<dl class=\"attributeList stack\">\r\n  \t\t<dt>Inheritance</dt><dd>\r\n  \t\t<div class=\"pdlHolder\">\r\n  \t\t<div class=\"pdl\"><span class=\"lang-csharp\"><span class=\"xref\">System.Object</span></span></div><span class=\"lang-csharp\">AuthenticationMiddleware</span>\r\n  \t\t</div>\r\n  \t\t</dd>\r\n  \t</dl>\r\n  \r\n  \r\n  \r\n  \r\n  \r\n  \r\n  \r\n  \r\n  \t\t\r\n  \t\t\t<h2 class=\"accented \">Constructors\r\n  \t\t</h2>\r\n  \t\t\t<table class=\"nameValue\">\r\n  \t\t\r\n  \t\t\t\t<tr>\r\n  \t\t\t\t\t<td colspan=\"2\">\r\n  \t\t\t\t\t<span class=\"lang-csharp\"><a class=\"xref\" href=\"microsoft.aspnetcore.authentication.authenticationmiddleware.-ctor#Microsoft_AspNetCore_Authentication_AuthenticationMiddleware__ctor_Microsoft_AspNetCore_Http_RequestDelegate_Microsoft_AspNetCore_Authentication_IAuthenticationSchemeProvider_\" data-linktype=\"relative-path\">Authentication&#8203;Middleware(&#8203;Request&#8203;Delegate, &#8203;IAuthentication&#8203;Scheme&#8203;Provider)</a></span>\r\n  \t\t\t\t</td>\r\n  \t\t\t\t</tr>\r\n  \t\t</table>\t\t\r\n  \t\t\t<h2 class=\"accented \">Properties\r\n  \t\t</h2>\r\n  \t\t\t<table class=\"nameValue\">\r\n  \t\t\r\n  \t\t\t\t<tr>\r\n  \t\t\t\t\t<td colspan=\"2\">\r\n  \t\t\t\t\t<span class=\"lang-csharp\"><a class=\"xref\" href=\"microsoft.aspnetcore.authentication.authenticationmiddleware.schemes#Microsoft_AspNetCore_Authentication_AuthenticationMiddleware_Schemes\" data-linktype=\"relative-path\">Schemes</a></span>\r\n  \t\t\t\t</td>\r\n  \t\t\t\t</tr>\r\n  \t\t</table>\t\t\r\n  \t\t\t<h2 class=\"accented \">Methods\r\n  \t\t</h2>\r\n  \t\t\t<table class=\"nameValue\">\r\n  \t\t\r\n  \t\t\t\t<tr>\r\n  \t\t\t\t\t<td colspan=\"2\">\r\n  \t\t\t\t\t<span class=\"lang-csharp\"><a class=\"xref\" href=\"microsoft.aspnetcore.authentication.authenticationmiddleware.invoke#Microsoft_AspNetCore_Authentication_AuthenticationMiddleware_Invoke_Microsoft_AspNetCore_Http_HttpContext_\" data-linktype=\"relative-path\">Invoke(&#8203;Http&#8203;Context)</a></span>\r\n  \t\t\t\t</td>\r\n  \t\t\t\t</tr>\r\n  \t\t</table>\r\n  \r\n  \r\n  \r\n  \r\n","outputRootRelativePath":"../","pageMetadata":"<meta name=\"monikers\" content=\"aspnetcore-2.0\" />\r\n<meta name=\"original_ref_skeleton_git_url\" content=\"https://github.com/MicrosoftDocs/aspnetcore-ref-test/blob/master/dotnet/xml/Microsoft.AspNetCore.Authentication/AuthenticationMiddleware.xml\" />\r\n<meta name=\"author\" content=\"dotnet-bot\" />\r\n<meta name=\"apiPlatform\" content=\"dotnet\" />\r\n<meta name=\"search.ms_sitename\" content=\"Docs\" />\r\n<meta name=\"search.ms_docsetname\" content=\"aspnetref\" />\r\n<meta name=\"locale\" content=\"en-us\" />\r\n<meta name=\"site_name\" content=\"Docs\" />\r\n<meta name=\"search.ms_product\" content=\"MSDN\" />\r\n<meta name=\"depot_name\" content=\"MSDN.aspnetref\" />\r\n<meta name=\"APIName\" content=\"Microsoft.AspNetCore.Authentication.AuthenticationMiddleware\" />\r\n<meta name=\"APILocation\" content=\"Microsoft.AspNetCore.Authentication.dll\" />\r\n<meta name=\"TopicType\" content=\"apiref\" />\r\n<meta name=\"APIType\" content=\"Assembly\" />\r\n<meta name=\"updated_at\" content=\"2017-08-21 05:38 AM\" />\r\n<meta name=\"document_id\" content=\"4531630b-4c03-b731-1849-acdb534f8ef7\" />\r\n<meta name=\"pagetype\" content=\"Reference\" />\r\n<meta name=\"toc_rel\" content=\"../aspnetcore_dotnet_toc/api/_splitted/Microsoft.AspNetCore.Authentication/toc.json\" />\r\n<meta name=\"source_url\" content=\"\" />\r\n<meta name=\"ms.assetid\" content=\"Microsoft.AspNetCore.Authentication.AuthenticationMiddleware\" />\r\n","rawMetadata":{"monikers":["aspnetcore-2.0"],"content_git_url":"https://github.com/MicrosoftDocs/aspnetcore-ref-test/blob/master/dotnet/xml/Microsoft.AspNetCore.Authentication/AuthenticationMiddleware.xml","original_ref_skeleton_git_url":"https://github.com/MicrosoftDocs/aspnetcore-ref-test/blob/master/dotnet/xml/Microsoft.AspNetCore.Authentication/AuthenticationMiddleware.xml","author":"dotnet-bot","apiPlatform":"dotnet","search.ms_sitename":"Docs","search.ms_docsetname":"aspnetref","version":null,"_op_canonicalUrlPrefix":"https://docs.microsoft.com/en-us/aspnetref/","locale":"en-us","site_name":"Docs","search.ms_product":"MSDN","_op_openToPublicContributors":true,"depot_name":"MSDN.aspnetref","_op_gitRefSkeletonCommitHistory":[],"open_to_public_contributors":true,"api_name":["Microsoft.AspNetCore.Authentication.AuthenticationMiddleware"],"api_location":["Microsoft.AspNetCore.Authentication.dll"],"topic_type":["apiref"],"api_type":["Assembly"],"f1_keywords":["Microsoft.AspNetCore.Authentication.AuthenticationMiddleware","Microsoft::AspNetCore::Authentication::AuthenticationMiddleware"],"dev_langs":["csharp"],"updated_at":"2017-08-21 05:38 AM","document_id":"4531630b-4c03-b731-1849-acdb534f8ef7","layout":"Reference","_op_layout":"Reference","pagetype":"Reference","title":"AuthenticationMiddleware Class | Microsoft Docs","_op_ogTitle":"AuthenticationMiddleware Class","toc_asset_id":"aspnetcore_dotnet_toc/api/_splitted/Microsoft.AspNetCore.Authentication/toc.json","toc_rel":"../aspnetcore_dotnet_toc/api/_splitted/Microsoft.AspNetCore.Authentication/toc.json","source_url":"","ms.assetid":"Microsoft.AspNetCore.Authentication.AuthenticationMiddleware","canonical_url":"https://docs.microsoft.com/en-us/aspnetref/api/microsoft.aspnetcore.authentication.authenticationmiddleware","_op_canonicalUrl":"https://docs.microsoft.com/en-us/aspnetref/api/microsoft.aspnetcore.authentication.authenticationmiddleware","fileRelativePath":"api/Microsoft.AspNetCore.Authentication.AuthenticationMiddleware.html"},"themesRelativePathToOutputRoot":"_themes/"}