{"content":"\r\n  <h1>\r\n    <span class=\"lang-csharp\">Microsoft.&#8203;Asp&#8203;Net&#8203;Core.&#8203;Application&#8203;Insights.&#8203;Hosting&#8203;Startup</span>\r\n      Namespace\r\n  </h1>\r\n  \r\n  \r\n  <div class=\"metadata\">\r\n  \r\n  \r\n  </div>\r\n  \r\n  <nav id=\"center-doc-outline\" class=\"doc-outline\" ms.cmpgrp=\"intopic toc\" data-bi-name=\"intopic toc\" role=\"navigation\" aria-label=\"On page navigation\">\r\n    <h3>In This Article</h3>\r\n  </nav>\r\n  \t\t<h2 data-moniker=\" aspnetcore-2.0 \" class=\"accented\" id=\"classes\">Classes\r\n  </h2>\r\n  \r\n  \t<table class=\"nameValue\">\r\n  \t\t<tr id=\"Microsoft_AspNetCore_ApplicationInsights_HostingStartup_ApplicationInsightsHostingStartup\" data-moniker=\" aspnetcore-2.0 \" class=\"\">\r\n  \t\t<td>\r\n  \t\t\t<span class=\"lang-csharp\"><a class=\"xref\" href=\"microsoft.aspnetcore.applicationinsights.hostingstartup.applicationinsightshostingstartup\" data-linktype=\"relative-path\">ApplicationInsightsHostingStartup</a></span>\r\n  \t\t</td>\r\n  \t\t<td>\r\n  \t\t<p>A dynamic Application Insights lightup experience</p>\n\r\n  \t\t</td>\r\n  \t\t</tr>\r\n  \t\t<tr id=\"Microsoft_AspNetCore_ApplicationInsights_HostingStartup_JavaScriptSnippetTagHelperComponent\" data-moniker=\" aspnetcore-2.0 \" class=\"\">\r\n  \t\t<td>\r\n  \t\t\t<span class=\"lang-csharp\"><a class=\"xref\" href=\"microsoft.aspnetcore.applicationinsights.hostingstartup.javascriptsnippettaghelpercomponent\" data-linktype=\"relative-path\">JavaScriptSnippetTagHelperComponent</a></span>\r\n  \t\t</td>\r\n  \t\t<td>\r\n  \t\t<p>The <a class=\"xref\" href=\"microsoft.aspnetcore.razor.taghelpers.taghelpercomponent\" data-linktype=\"relative-path\">TagHelperComponent</a> that injects the <span class=\"xref\">Microsoft.ApplicationInsights.AspNetCore.JavaScriptSnippet</span> at the end of the head tag.</p>\n\r\n  \t\t</td>\r\n  \t\t</tr>\r\n  \t</table>\r\n  \r\n  \r\n","outputRootRelativePath":"../","pageMetadata":"<meta name=\"monikers\" content=\"aspnetcore-2.0\" />\r\n<meta name=\"original_ref_skeleton_git_url\" content=\"https://github.com/MicrosoftDocs/aspnetcore-ref-test/blob/master/dotnet/xml/ns-Microsoft.AspNetCore.ApplicationInsights.HostingStartup.xml\" />\r\n<meta name=\"author\" content=\"dotnet-bot\" />\r\n<meta name=\"apiPlatform\" content=\"dotnet\" />\r\n<meta name=\"search.ms_sitename\" content=\"Docs\" />\r\n<meta name=\"search.ms_docsetname\" content=\"aspnetref\" />\r\n<meta name=\"locale\" content=\"en-us\" />\r\n<meta name=\"site_name\" content=\"Docs\" />\r\n<meta name=\"search.ms_product\" content=\"MSDN\" />\r\n<meta name=\"depot_name\" content=\"MSDN.aspnetref\" />\r\n<meta name=\"updated_at\" content=\"2017-08-21 05:38 AM\" />\r\n<meta name=\"document_id\" content=\"c954e17f-eb98-6b68-b835-3ca1c1061529\" />\r\n<meta name=\"pagetype\" content=\"Reference\" />\r\n<meta name=\"toc_rel\" content=\"../aspnetcore_dotnet_toc/api/_splitted/Microsoft.AspNetCore.ApplicationInsights.HostingStartup/toc.json\" />\r\n<meta name=\"source_url\" content=\"\" />\r\n<meta name=\"ms.assetid\" content=\"Microsoft.AspNetCore.ApplicationInsights.HostingStartup\" />\r\n","rawMetadata":{"monikers":["aspnetcore-2.0"],"content_git_url":"https://github.com/MicrosoftDocs/aspnetcore-ref-test/blob/master/dotnet/xml/ns-Microsoft.AspNetCore.ApplicationInsights.HostingStartup.xml","original_ref_skeleton_git_url":"https://github.com/MicrosoftDocs/aspnetcore-ref-test/blob/master/dotnet/xml/ns-Microsoft.AspNetCore.ApplicationInsights.HostingStartup.xml","author":"dotnet-bot","apiPlatform":"dotnet","search.ms_sitename":"Docs","search.ms_docsetname":"aspnetref","version":null,"_op_canonicalUrlPrefix":"https://docs.microsoft.com/en-us/aspnetref/","locale":"en-us","site_name":"Docs","search.ms_product":"MSDN","_op_openToPublicContributors":true,"depot_name":"MSDN.aspnetref","_op_gitRefSkeletonCommitHistory":[],"open_to_public_contributors":true,"f1_keywords":["Microsoft.AspNetCore.ApplicationInsights.HostingStartup","Microsoft::AspNetCore::ApplicationInsights::HostingStartup"],"dev_langs":["csharp"],"updated_at":"2017-08-21 05:38 AM","document_id":"c954e17f-eb98-6b68-b835-3ca1c1061529","layout":"Reference","_op_layout":"Reference","pagetype":"Reference","title":"Microsoft.AspNetCore.ApplicationInsights.HostingStartup Namespace | Microsoft Docs","_op_ogTitle":"Microsoft.AspNetCore.ApplicationInsights.HostingStartup Namespace","toc_asset_id":"aspnetcore_dotnet_toc/api/_splitted/Microsoft.AspNetCore.ApplicationInsights.HostingStartup/toc.json","toc_rel":"../aspnetcore_dotnet_toc/api/_splitted/Microsoft.AspNetCore.ApplicationInsights.HostingStartup/toc.json","source_url":"","ms.assetid":"Microsoft.AspNetCore.ApplicationInsights.HostingStartup","canonical_url":"https://docs.microsoft.com/en-us/aspnetref/api/microsoft.aspnetcore.applicationinsights.hostingstartup","_op_canonicalUrl":"https://docs.microsoft.com/en-us/aspnetref/api/microsoft.aspnetcore.applicationinsights.hostingstartup","fileRelativePath":"api/Microsoft.AspNetCore.ApplicationInsights.HostingStartup.html"},"themesRelativePathToOutputRoot":"_themes/"}