{"content":"\r\n  \r\n  <h1>\r\n    <span class=\"lang-csharp\">Authentication&#8203;Feature</span>\r\n    \t\t\t\tClass\r\n  </h1>\r\n  \r\n  \t\t\t<h2 class=\"hiddenAnchor\">Definition</h2>\r\n  \r\n  <div class=\"metadata\">\r\n  \t\t<dl class=\"attributeList\">\r\n  \t\t\t<dt>Namespace:</dt>\r\n  \t\t\t<dd>\r\n  \t\t\t\t\t<span class=\"lang-csharp\"><a class=\"xref\" href=\"microsoft.aspnetcore.authentication\" data-linktype=\"relative-path\">Microsoft.AspNetCore.Authentication</a></span>\r\n  \t\t\t</dd>\r\n  \t\t</dl>\r\n  \r\n  \t\t<dl class=\"attributeList\">\r\n  \t\t\t<dt>Assembly:</dt><dd>Microsoft.AspNetCore.Authentication.Core.dll</dd>\r\n  \t\t</dl>\r\n  \r\n  </div>\r\n  \r\n  \t<div class=\"summaryHolder\">\r\n  \t\t<div class=\"summary clearFix\">\r\n  \t\t\t<p>Used to capture path info so redirects can be computed properly within an app.Map().</p>\n\r\n  \t\t</div>\r\n  \t</div>\r\n  <nav id=\"center-doc-outline\" class=\"doc-outline\" ms.cmpgrp=\"intopic toc\" data-bi-name=\"intopic toc\" role=\"navigation\" aria-label=\"On page navigation\">\r\n    <h3>In This Article</h3>\r\n  </nav>\t<pre class=\"wrap loading\"><code class=\"csharp lang-csharp\">public class AuthenticationFeature : Microsoft.AspNetCore.Authentication.IAuthenticationFeature</code></pre>\r\n  \r\n  \r\n  \r\n  \r\n  \r\n  \t<dl class=\"attributeList stack\">\r\n  \t\t<dt>Inheritance</dt><dd>\r\n  \t\t<div class=\"pdlHolder\">\r\n  \t\t<div class=\"pdl\"><span class=\"lang-csharp\"><span class=\"xref\">System.Object</span></span></div><span class=\"lang-csharp\">AuthenticationFeature</span>\r\n  \t\t</div>\r\n  \t\t</dd>\r\n  \t</dl>\r\n  \r\n  \r\n  \r\n  \t<dl class=\"attributeList stack\">\r\n  \t\t<dt>Implements</dt><dd>\r\n  \t\t<div class=\"cdlHolder\">\r\n  \t\t\t<span class=\"cdl\"><span class=\"lang-csharp\"><a class=\"xref\" href=\"microsoft.aspnetcore.authentication.iauthenticationfeature\" data-linktype=\"relative-path\">IAuthenticationFeature</a></span></span>\r\n  \t\t</div>\r\n  \t\t</dd>\r\n  \t</dl>\r\n  \r\n  \r\n  \r\n  \r\n  \r\n  \t\t\r\n  \t\t\t<h2 class=\"accented \">Constructors\r\n  \t\t</h2>\r\n  \t\t\t<table class=\"nameValue\">\r\n  \t\t\r\n  \t\t\t\t<tr>\r\n  \t\t\t\t\t<td colspan=\"2\">\r\n  \t\t\t\t\t<span class=\"lang-csharp\"><a class=\"xref\" href=\"microsoft.aspnetcore.authentication.authenticationfeature.-ctor#Microsoft_AspNetCore_Authentication_AuthenticationFeature__ctor\" data-linktype=\"relative-path\">Authentication&#8203;Feature()</a></span>\r\n  \t\t\t\t</td>\r\n  \t\t\t\t</tr>\r\n  \t\t</table>\t\t\r\n  \t\t\t<h2 class=\"accented \">Properties\r\n  \t\t</h2>\r\n  \t\t\t<table class=\"nameValue\">\r\n  \t\t\r\n  \t\t\t\t<tr>\r\n  \t\t\t\t\t<td>\r\n  \t\t\t\t\t<span class=\"lang-csharp\"><a class=\"xref\" href=\"microsoft.aspnetcore.authentication.authenticationfeature.originalpath#Microsoft_AspNetCore_Authentication_AuthenticationFeature_OriginalPath\" data-linktype=\"relative-path\">Original&#8203;Path</a></span>\r\n  \t\t\t\t</td>\r\n  \t\t\t\t\t<td>\r\n  \t\t\t\t\t\t<p>The original path.</p>\n\r\n  \t\t\t\t\t</td>\r\n  \t\t\t\t</tr>\r\n  \t\t\t\t<tr>\r\n  \t\t\t\t\t<td>\r\n  \t\t\t\t\t<span class=\"lang-csharp\"><a class=\"xref\" href=\"microsoft.aspnetcore.authentication.authenticationfeature.originalpathbase#Microsoft_AspNetCore_Authentication_AuthenticationFeature_OriginalPathBase\" data-linktype=\"relative-path\">Original&#8203;Path&#8203;Base</a></span>\r\n  \t\t\t\t</td>\r\n  \t\t\t\t\t<td>\r\n  \t\t\t\t\t\t<p>The original path base.</p>\n\r\n  \t\t\t\t\t</td>\r\n  \t\t\t\t</tr>\r\n  \t\t</table>\r\n  \r\n  \r\n  \r\n  \r\n","outputRootRelativePath":"../","pageMetadata":"<meta name=\"monikers\" content=\"aspnetcore-2.0\" />\r\n<meta name=\"original_ref_skeleton_git_url\" content=\"https://github.com/MicrosoftDocs/aspnetcore-ref-test/blob/master/dotnet/xml/Microsoft.AspNetCore.Authentication/AuthenticationFeature.xml\" />\r\n<meta name=\"author\" content=\"dotnet-bot\" />\r\n<meta name=\"apiPlatform\" content=\"dotnet\" />\r\n<meta name=\"search.ms_sitename\" content=\"Docs\" />\r\n<meta name=\"search.ms_docsetname\" content=\"aspnetref\" />\r\n<meta name=\"locale\" content=\"en-us\" />\r\n<meta name=\"site_name\" content=\"Docs\" />\r\n<meta name=\"search.ms_product\" content=\"MSDN\" />\r\n<meta name=\"depot_name\" content=\"MSDN.aspnetref\" />\r\n<meta name=\"APIName\" content=\"Microsoft.AspNetCore.Authentication.AuthenticationFeature\" />\r\n<meta name=\"APILocation\" content=\"Microsoft.AspNetCore.Authentication.Core.dll\" />\r\n<meta name=\"TopicType\" content=\"apiref\" />\r\n<meta name=\"APIType\" content=\"Assembly\" />\r\n<meta name=\"updated_at\" content=\"2017-08-21 05:38 AM\" />\r\n<meta name=\"document_id\" content=\"16ca3899-d8e8-c33b-6aac-9b9663fe06a2\" />\r\n<meta name=\"pagetype\" content=\"Reference\" />\r\n<meta name=\"description\" content=\"Used to capture path info so redirects can be computed properly within an app.Map(). \" />\r\n<meta name=\"toc_rel\" content=\"../aspnetcore_dotnet_toc/api/_splitted/Microsoft.AspNetCore.Authentication/toc.json\" />\r\n<meta name=\"source_url\" content=\"\" />\r\n<meta name=\"ms.assetid\" content=\"Microsoft.AspNetCore.Authentication.AuthenticationFeature\" />\r\n","rawMetadata":{"monikers":["aspnetcore-2.0"],"content_git_url":"https://github.com/MicrosoftDocs/aspnetcore-ref-test/blob/master/dotnet/xml/Microsoft.AspNetCore.Authentication/AuthenticationFeature.xml","original_ref_skeleton_git_url":"https://github.com/MicrosoftDocs/aspnetcore-ref-test/blob/master/dotnet/xml/Microsoft.AspNetCore.Authentication/AuthenticationFeature.xml","author":"dotnet-bot","apiPlatform":"dotnet","search.ms_sitename":"Docs","search.ms_docsetname":"aspnetref","version":null,"_op_canonicalUrlPrefix":"https://docs.microsoft.com/en-us/aspnetref/","locale":"en-us","site_name":"Docs","search.ms_product":"MSDN","_op_openToPublicContributors":true,"depot_name":"MSDN.aspnetref","_op_gitRefSkeletonCommitHistory":[],"open_to_public_contributors":true,"api_name":["Microsoft.AspNetCore.Authentication.AuthenticationFeature"],"api_location":["Microsoft.AspNetCore.Authentication.Core.dll"],"topic_type":["apiref"],"api_type":["Assembly"],"f1_keywords":["Microsoft.AspNetCore.Authentication.AuthenticationFeature","Microsoft::AspNetCore::Authentication::AuthenticationFeature"],"dev_langs":["csharp"],"updated_at":"2017-08-21 05:38 AM","document_id":"16ca3899-d8e8-c33b-6aac-9b9663fe06a2","layout":"Reference","_op_layout":"Reference","pagetype":"Reference","title":"AuthenticationFeature Class | Microsoft Docs","_op_ogTitle":"AuthenticationFeature Class","description":"Used to capture path info so redirects can be computed properly within an app.Map(). ","toc_asset_id":"aspnetcore_dotnet_toc/api/_splitted/Microsoft.AspNetCore.Authentication/toc.json","toc_rel":"../aspnetcore_dotnet_toc/api/_splitted/Microsoft.AspNetCore.Authentication/toc.json","source_url":"","ms.assetid":"Microsoft.AspNetCore.Authentication.AuthenticationFeature","canonical_url":"https://docs.microsoft.com/en-us/aspnetref/api/microsoft.aspnetcore.authentication.authenticationfeature","_op_canonicalUrl":"https://docs.microsoft.com/en-us/aspnetref/api/microsoft.aspnetcore.authentication.authenticationfeature","fileRelativePath":"api/Microsoft.AspNetCore.Authentication.AuthenticationFeature.html"},"themesRelativePathToOutputRoot":"_themes/"}