{"content":"\r\n  \r\n  <h1>\r\n    <span class=\"lang-csharp\">Default&#8203;Antiforgery&#8203;Additional&#8203;Data&#8203;Provider</span>\r\n    \t\t\t\tClass\r\n  </h1>\r\n  \r\n  \t\t\t<h2 class=\"hiddenAnchor\">Definition</h2>\r\n  \r\n  <div class=\"metadata\">\r\n  \t\t<dl class=\"attributeList\">\r\n  \t\t\t<dt>Namespace:</dt>\r\n  \t\t\t<dd>\r\n  \t\t\t\t\t<span class=\"lang-csharp\"><a class=\"xref\" href=\"microsoft.aspnetcore.antiforgery.internal\" data-linktype=\"relative-path\">Microsoft.AspNetCore.Antiforgery.Internal</a></span>\r\n  \t\t\t</dd>\r\n  \t\t</dl>\r\n  \r\n  \t\t<dl class=\"attributeList\">\r\n  \t\t\t<dt>Assembly:</dt><dd>Microsoft.AspNetCore.Antiforgery.dll</dd>\r\n  \t\t</dl>\r\n  \r\n  </div>\r\n  \r\n  \t<div class=\"summaryHolder\">\r\n  \t\t<div class=\"summary clearFix\">\r\n  \t\t\t<p>A default <a class=\"xref\" href=\"microsoft.aspnetcore.antiforgery.iantiforgeryadditionaldataprovider\" data-linktype=\"relative-path\">IAntiforgeryAdditionalDataProvider</a> implementation.</p>\n\r\n  \t\t</div>\r\n  \t</div>\r\n  <nav id=\"center-doc-outline\" class=\"doc-outline\" ms.cmpgrp=\"intopic toc\" data-bi-name=\"intopic toc\" role=\"navigation\" aria-label=\"On page navigation\">\r\n    <h3>In This Article</h3>\r\n  </nav>\t<pre class=\"wrap loading\"><code class=\"csharp lang-csharp\">public class DefaultAntiforgeryAdditionalDataProvider : Microsoft.AspNetCore.Antiforgery.IAntiforgeryAdditionalDataProvider</code></pre>\r\n  \r\n  \r\n  \r\n  \r\n  \r\n  \t<dl class=\"attributeList stack\">\r\n  \t\t<dt>Inheritance</dt><dd>\r\n  \t\t<div class=\"pdlHolder\">\r\n  \t\t<div class=\"pdl\"><span class=\"lang-csharp\"><span class=\"xref\">System.Object</span></span></div><span class=\"lang-csharp\">DefaultAntiforgeryAdditionalDataProvider</span>\r\n  \t\t</div>\r\n  \t\t</dd>\r\n  \t</dl>\r\n  \r\n  \r\n  \r\n  \t<dl class=\"attributeList stack\">\r\n  \t\t<dt>Implements</dt><dd>\r\n  \t\t<div class=\"cdlHolder\">\r\n  \t\t\t<span class=\"cdl\"><span class=\"lang-csharp\"><a class=\"xref\" href=\"microsoft.aspnetcore.antiforgery.iantiforgeryadditionaldataprovider\" data-linktype=\"relative-path\">IAntiforgeryAdditionalDataProvider</a></span></span>\r\n  \t\t</div>\r\n  \t\t</dd>\r\n  \t</dl>\r\n  \r\n  \r\n  \r\n  \r\n  \r\n  \t\t\r\n  \t\t\t<h2 class=\"accented \">Constructors\r\n  \t\t</h2>\r\n  \t\t\t<table class=\"nameValue\">\r\n  \t\t\r\n  \t\t\t\t<tr>\r\n  \t\t\t\t\t<td colspan=\"2\">\r\n  \t\t\t\t\t<span class=\"lang-csharp\"><a class=\"xref\" href=\"microsoft.aspnetcore.antiforgery.internal.defaultantiforgeryadditionaldataprovider.-ctor#Microsoft_AspNetCore_Antiforgery_Internal_DefaultAntiforgeryAdditionalDataProvider__ctor\" data-linktype=\"relative-path\">Default&#8203;Antiforgery&#8203;Additional&#8203;Data&#8203;Provider()</a></span>\r\n  \t\t\t\t</td>\r\n  \t\t\t\t</tr>\r\n  \t\t</table>\t\t\r\n  \t\t\t<h2 class=\"accented \">Methods\r\n  \t\t</h2>\r\n  \t\t\t<table class=\"nameValue\">\r\n  \t\t\r\n  \t\t\t\t<tr>\r\n  \t\t\t\t\t<td colspan=\"2\">\r\n  \t\t\t\t\t<span class=\"lang-csharp\"><a class=\"xref\" href=\"microsoft.aspnetcore.antiforgery.internal.defaultantiforgeryadditionaldataprovider.getadditionaldata#Microsoft_AspNetCore_Antiforgery_Internal_DefaultAntiforgeryAdditionalDataProvider_GetAdditionalData_Microsoft_AspNetCore_Http_HttpContext_\" data-linktype=\"relative-path\">Get&#8203;Additional&#8203;Data(&#8203;Http&#8203;Context)</a></span>\r\n  \t\t\t\t</td>\r\n  \t\t\t\t</tr>\r\n  \t\t\t\t<tr>\r\n  \t\t\t\t\t<td colspan=\"2\">\r\n  \t\t\t\t\t<span class=\"lang-csharp\"><a class=\"xref\" href=\"microsoft.aspnetcore.antiforgery.internal.defaultantiforgeryadditionaldataprovider.validateadditionaldata#Microsoft_AspNetCore_Antiforgery_Internal_DefaultAntiforgeryAdditionalDataProvider_ValidateAdditionalData_Microsoft_AspNetCore_Http_HttpContext_System_String_\" data-linktype=\"relative-path\">Validate&#8203;Additional&#8203;Data(&#8203;Http&#8203;Context, &#8203;String)</a></span>\r\n  \t\t\t\t</td>\r\n  \t\t\t\t</tr>\r\n  \t\t</table>\r\n  \r\n  \r\n  \r\n  \r\n","outputRootRelativePath":"../","pageMetadata":"<meta name=\"monikers\" content=\"aspnetcore-1.0\" />\r\n<meta name=\"monikers\" content=\"aspnetcore-1.1\" />\r\n<meta name=\"monikers\" content=\"aspnetcore-2.0\" />\r\n<meta name=\"original_ref_skeleton_git_url\" content=\"https://github.com/MicrosoftDocs/aspnetcore-ref-test/blob/master/dotnet/xml/Microsoft.AspNetCore.Antiforgery.Internal/DefaultAntiforgeryAdditionalDataProvider.xml\" />\r\n<meta name=\"author\" content=\"dotnet-bot\" />\r\n<meta name=\"apiPlatform\" content=\"dotnet\" />\r\n<meta name=\"search.ms_sitename\" content=\"Docs\" />\r\n<meta name=\"search.ms_docsetname\" content=\"aspnetref\" />\r\n<meta name=\"locale\" content=\"en-us\" />\r\n<meta name=\"site_name\" content=\"Docs\" />\r\n<meta name=\"search.ms_product\" content=\"MSDN\" />\r\n<meta name=\"depot_name\" content=\"MSDN.aspnetref\" />\r\n<meta name=\"APIName\" content=\"Microsoft.AspNetCore.Antiforgery.Internal.DefaultAntiforgeryAdditionalDataProvider\" />\r\n<meta name=\"APILocation\" content=\"Microsoft.AspNetCore.Antiforgery.dll\" />\r\n<meta name=\"TopicType\" content=\"apiref\" />\r\n<meta name=\"APIType\" content=\"Assembly\" />\r\n<meta name=\"updated_at\" content=\"2017-08-21 05:38 AM\" />\r\n<meta name=\"document_id\" content=\"8f510573-629c-33eb-9e42-cb9c2c27a27f\" />\r\n<meta name=\"pagetype\" content=\"Reference\" />\r\n<meta name=\"description\" content=\"A default Microsoft.AspNetCore.Antiforgery.IAntiforgeryAdditionalDataProvider implementation. \" />\r\n<meta name=\"toc_rel\" content=\"../aspnetcore_dotnet_toc/api/_splitted/Microsoft.AspNetCore.Antiforgery.Internal/toc.json\" />\r\n<meta name=\"source_url\" content=\"\" />\r\n<meta name=\"ms.assetid\" content=\"Microsoft.AspNetCore.Antiforgery.Internal.DefaultAntiforgeryAdditionalDataProvider\" />\r\n","rawMetadata":{"monikers":["aspnetcore-1.0","aspnetcore-1.1","aspnetcore-2.0"],"content_git_url":"https://github.com/MicrosoftDocs/aspnetcore-ref-test/blob/master/dotnet/xml/Microsoft.AspNetCore.Antiforgery.Internal/DefaultAntiforgeryAdditionalDataProvider.xml","original_ref_skeleton_git_url":"https://github.com/MicrosoftDocs/aspnetcore-ref-test/blob/master/dotnet/xml/Microsoft.AspNetCore.Antiforgery.Internal/DefaultAntiforgeryAdditionalDataProvider.xml","author":"dotnet-bot","apiPlatform":"dotnet","search.ms_sitename":"Docs","search.ms_docsetname":"aspnetref","version":null,"_op_canonicalUrlPrefix":"https://docs.microsoft.com/en-us/aspnetref/","locale":"en-us","site_name":"Docs","search.ms_product":"MSDN","_op_openToPublicContributors":true,"depot_name":"MSDN.aspnetref","_op_gitRefSkeletonCommitHistory":[],"open_to_public_contributors":true,"api_name":["Microsoft.AspNetCore.Antiforgery.Internal.DefaultAntiforgeryAdditionalDataProvider"],"api_location":["Microsoft.AspNetCore.Antiforgery.dll"],"topic_type":["apiref"],"api_type":["Assembly"],"f1_keywords":["Microsoft.AspNetCore.Antiforgery.Internal.DefaultAntiforgeryAdditionalDataProvider","Microsoft::AspNetCore::Antiforgery::Internal::DefaultAntiforgeryAdditionalDataProvider"],"dev_langs":["csharp"],"updated_at":"2017-08-21 05:38 AM","document_id":"8f510573-629c-33eb-9e42-cb9c2c27a27f","layout":"Reference","_op_layout":"Reference","pagetype":"Reference","title":"DefaultAntiforgeryAdditionalDataProvider Class | Microsoft Docs","_op_ogTitle":"DefaultAntiforgeryAdditionalDataProvider Class","description":"A default Microsoft.AspNetCore.Antiforgery.IAntiforgeryAdditionalDataProvider implementation. ","toc_asset_id":"aspnetcore_dotnet_toc/api/_splitted/Microsoft.AspNetCore.Antiforgery.Internal/toc.json","toc_rel":"../aspnetcore_dotnet_toc/api/_splitted/Microsoft.AspNetCore.Antiforgery.Internal/toc.json","source_url":"","ms.assetid":"Microsoft.AspNetCore.Antiforgery.Internal.DefaultAntiforgeryAdditionalDataProvider","canonical_url":"https://docs.microsoft.com/en-us/aspnetref/api/microsoft.aspnetcore.antiforgery.internal.defaultantiforgeryadditionaldataprovider","_op_canonicalUrl":"https://docs.microsoft.com/en-us/aspnetref/api/microsoft.aspnetcore.antiforgery.internal.defaultantiforgeryadditionaldataprovider","fileRelativePath":"api/Microsoft.AspNetCore.Antiforgery.Internal.DefaultAntiforgeryAdditionalDataProvider.html"},"themesRelativePathToOutputRoot":"_themes/"}