{"monikers":["aspnetcore-2.0"],"content_git_url":"https://github.com/MicrosoftDocs/aspnetcore-ref-test/blob/master/dotnet/xml/ns-Microsoft.AspNetCore.ApplicationInsights.HostingStartup.xml","original_ref_skeleton_git_url":"https://github.com/MicrosoftDocs/aspnetcore-ref-test/blob/master/dotnet/xml/ns-Microsoft.AspNetCore.ApplicationInsights.HostingStartup.xml","author":"dotnet-bot","apiPlatform":"dotnet","search.ms_sitename":"Docs","search.ms_docsetname":"aspnetref","version":null,"locale":"en-us","site_name":"Docs","search.ms_product":"MSDN","depot_name":"MSDN.aspnetref","open_to_public_contributors":true,"f1_keywords":["Microsoft.AspNetCore.ApplicationInsights.HostingStartup","Microsoft::AspNetCore::ApplicationInsights::HostingStartup"],"dev_langs":["csharp"],"updated_at":"2017-08-21 05:38 AM","document_id":"c954e17f-eb98-6b68-b835-3ca1c1061529","layout":"Reference","pagetype":"Reference","title":"Microsoft.AspNetCore.ApplicationInsights.HostingStartup Namespace | Microsoft Docs","toc_asset_id":"aspnetcore_dotnet_toc/api/_splitted/Microsoft.AspNetCore.ApplicationInsights.HostingStartup/toc.json","toc_rel":"../aspnetcore_dotnet_toc/api/_splitted/Microsoft.AspNetCore.ApplicationInsights.HostingStartup/toc.json","source_url":"","ms.assetid":"Microsoft.AspNetCore.ApplicationInsights.HostingStartup","canonical_url":"https://docs.microsoft.com/en-us/aspnetref/api/microsoft.aspnetcore.applicationinsights.hostingstartup","is_dynamic_rendering":true}