{"monikers":["aspnetcore-2.0"],"content_git_url":"https://github.com/MicrosoftDocs/aspnetcore-ref-test/blob/master/dotnet/xml/Microsoft.AspNetCore.Authentication/AuthenticationHandler`1.xml","original_ref_skeleton_git_url":"https://github.com/MicrosoftDocs/aspnetcore-ref-test/blob/master/dotnet/xml/Microsoft.AspNetCore.Authentication/AuthenticationHandler`1.xml","author":"dotnet-bot","apiPlatform":"dotnet","search.ms_sitename":"Docs","search.ms_docsetname":"aspnetref","version":null,"locale":"en-us","site_name":"Docs","search.ms_product":"MSDN","depot_name":"MSDN.aspnetref","open_to_public_contributors":true,"api_name":["Microsoft.AspNetCore.Authentication.AuthenticationHandler`1<TOptions>.ClaimsIssuer","Microsoft.AspNetCore.Authentication.AuthenticationHandler`1<TOptions>.get_ClaimsIssuer"],"api_location":["Microsoft.AspNetCore.Authentication.dll"],"topic_type":["apiref"],"api_type":["Assembly"],"f1_keywords":["Microsoft.AspNetCore.Authentication.AuthenticationHandler`1.ClaimsIssuer","Microsoft::AspNetCore::Authentication::AuthenticationHandler`1::ClaimsIssuer"],"dev_langs":["csharp"],"updated_at":"2017-08-21 05:38 AM","document_id":"7ee6841a-4648-a2d4-ef85-9a6595a3dc08","layout":"Reference","pagetype":"Reference","title":"ClaimsIssuer Property | Microsoft Docs","toc_asset_id":"aspnetcore_dotnet_toc/api/_splitted/Microsoft.AspNetCore.Authentication/toc.json","toc_rel":"../aspnetcore_dotnet_toc/api/_splitted/Microsoft.AspNetCore.Authentication/toc.json","source_url":"","ms.assetid":"Microsoft.AspNetCore.Authentication.AuthenticationHandler`1.ClaimsIssuer*","canonical_url":"https://docs.microsoft.com/en-us/aspnetref/api/microsoft.aspnetcore.authentication.authenticationhandler-1.claimsissuer","is_dynamic_rendering":true}