{"content":"\r\n  \r\n  <h1>\r\n    <span class=\"lang-csharp\">Antiforgery&#8203;Options&#8203;Setup</span>\r\n    \t\t\t\tClass\r\n  </h1>\r\n  \r\n  \t\t\t<h2 class=\"hiddenAnchor\">Definition</h2>\r\n  \r\n  <div class=\"metadata\">\r\n  \t\t<dl class=\"attributeList\">\r\n  \t\t\t<dt>Namespace:</dt>\r\n  \t\t\t<dd>\r\n  \t\t\t\t\t<span class=\"lang-csharp\"><a class=\"xref\" href=\"microsoft.aspnetcore.antiforgery.internal\" data-linktype=\"relative-path\">Microsoft.AspNetCore.Antiforgery.Internal</a></span>\r\n  \t\t\t</dd>\r\n  \t\t</dl>\r\n  \r\n  \t\t<dl class=\"attributeList\">\r\n  \t\t\t<dt>Assembly:</dt><dd>Microsoft.AspNetCore.Antiforgery.dll</dd>\r\n  \t\t</dl>\r\n  \r\n  </div>\r\n  \r\n  <nav id=\"center-doc-outline\" class=\"doc-outline\" ms.cmpgrp=\"intopic toc\" data-bi-name=\"intopic toc\" role=\"navigation\" aria-label=\"On page navigation\">\r\n    <h3>In This Article</h3>\r\n  </nav>\t<pre class=\"wrap loading\"><code class=\"csharp lang-csharp\">public class AntiforgeryOptionsSetup : Microsoft.Extensions.Options.ConfigureOptions&lt;Microsoft.AspNetCore.Antiforgery.AntiforgeryOptions&gt;</code></pre>\r\n  \r\n  \r\n  \r\n  \r\n  \r\n  \t<dl class=\"attributeList stack\">\r\n  \t\t<dt>Inheritance</dt><dd>\r\n  \t\t<div class=\"pdlHolder\">\r\n  \t\t<div class=\"pdl\"><span class=\"lang-csharp\"><span class=\"xref\">System.Object</span></span></div><div class=\"pdl\"><span class=\"lang-csharp\"><a class=\"xref\" href=\"microsoft.extensions.options.configureoptions-1\" data-linktype=\"relative-path\">ConfigureOptions&lt;TOptions&gt;</a></span></div><span class=\"lang-csharp\">AntiforgeryOptionsSetup</span>\r\n  \t\t</div>\r\n  \t\t</dd>\r\n  \t</dl>\r\n  \r\n  \r\n  \r\n  \r\n  \r\n  \t<h3 class=\"accented\">Inherited Members</h3>\r\n  \t\t<h4 class=\"accented\">Microsoft.Extensions.Options.ConfigureOptions`1</h4>\r\n  \t<div class=\"cdlHolder\">\r\n  \t\t\t<div class=\"cdl\"><span class=\"lang-csharp\"><a class=\"xref\" href=\"microsoft.extensions.options.configureoptions-1.action#Microsoft_Extensions_Options_ConfigureOptions_1_Action\" data-linktype=\"relative-path\">Action</a></span></div>\r\n  \t\t\t<div class=\"cdl\"><span class=\"lang-csharp\"><a class=\"xref\" href=\"microsoft.extensions.options.configureoptions-1.configure#Microsoft_Extensions_Options_ConfigureOptions_1_Configure__0_\" data-linktype=\"relative-path\">Configure(TOptions)</a></span></div>\r\n  \t</div>\r\n  \r\n  \r\n  \r\n  \t\t\r\n  \t\t\t<h2 class=\"accented \">Constructors\r\n  \t\t</h2>\r\n  \t\t\t<table class=\"nameValue\">\r\n  \t\t\r\n  \t\t\t\t<tr>\r\n  \t\t\t\t\t<td colspan=\"2\">\r\n  \t\t\t\t\t<span class=\"lang-csharp\"><a class=\"xref\" href=\"microsoft.aspnetcore.antiforgery.internal.antiforgeryoptionssetup.-ctor#Microsoft_AspNetCore_Antiforgery_Internal_AntiforgeryOptionsSetup__ctor_Microsoft_Extensions_Options_IOptions_Microsoft_AspNetCore_DataProtection_DataProtectionOptions__\" data-linktype=\"relative-path\">Antiforgery&#8203;Options&#8203;Setup(&#8203;IOptions&lt;&#8203;Data&#8203;Protection&#8203;Options&gt;)</a></span>\r\n  \t\t\t\t</td>\r\n  \t\t\t\t</tr>\r\n  \t\t</table>\t\t\r\n  \t\t\t<h2 class=\"accented \">Methods\r\n  \t\t</h2>\r\n  \t\t\t<table class=\"nameValue\">\r\n  \t\t\r\n  \t\t\t\t<tr>\r\n  \t\t\t\t\t<td colspan=\"2\">\r\n  \t\t\t\t\t<span class=\"lang-csharp\"><a class=\"xref\" href=\"microsoft.aspnetcore.antiforgery.internal.antiforgeryoptionssetup.configureoptions#Microsoft_AspNetCore_Antiforgery_Internal_AntiforgeryOptionsSetup_ConfigureOptions_Microsoft_AspNetCore_Antiforgery_AntiforgeryOptions_Microsoft_AspNetCore_DataProtection_DataProtectionOptions_\" data-linktype=\"relative-path\">Configure&#8203;Options(&#8203;Antiforgery&#8203;Options, &#8203;Data&#8203;Protection&#8203;Options)</a></span>\r\n  \t\t\t\t</td>\r\n  \t\t\t\t</tr>\r\n  \t\t</table>\r\n  \r\n  \r\n  \r\n  \r\n","outputRootRelativePath":"../","pageMetadata":"<meta name=\"monikers\" content=\"aspnetcore-1.0\" />\r\n<meta name=\"monikers\" content=\"aspnetcore-1.1\" />\r\n<meta name=\"monikers\" content=\"aspnetcore-2.0\" />\r\n<meta name=\"original_ref_skeleton_git_url\" content=\"https://github.com/MicrosoftDocs/aspnetcore-ref-test/blob/master/dotnet/xml/Microsoft.AspNetCore.Antiforgery.Internal/AntiforgeryOptionsSetup.xml\" />\r\n<meta name=\"author\" content=\"dotnet-bot\" />\r\n<meta name=\"apiPlatform\" content=\"dotnet\" />\r\n<meta name=\"search.ms_sitename\" content=\"Docs\" />\r\n<meta name=\"search.ms_docsetname\" content=\"aspnetref\" />\r\n<meta name=\"locale\" content=\"en-us\" />\r\n<meta name=\"site_name\" content=\"Docs\" />\r\n<meta name=\"search.ms_product\" content=\"MSDN\" />\r\n<meta name=\"depot_name\" content=\"MSDN.aspnetref\" />\r\n<meta name=\"APIName\" content=\"Microsoft.AspNetCore.Antiforgery.Internal.AntiforgeryOptionsSetup\" />\r\n<meta name=\"APILocation\" content=\"Microsoft.AspNetCore.Antiforgery.dll\" />\r\n<meta name=\"TopicType\" content=\"apiref\" />\r\n<meta name=\"APIType\" content=\"Assembly\" />\r\n<meta name=\"updated_at\" content=\"2017-08-21 05:38 AM\" />\r\n<meta name=\"document_id\" content=\"975dd794-ebc8-4ac4-b2ed-2480de688113\" />\r\n<meta name=\"pagetype\" content=\"Reference\" />\r\n<meta name=\"toc_rel\" content=\"../aspnetcore_dotnet_toc/api/_splitted/Microsoft.AspNetCore.Antiforgery.Internal/toc.json\" />\r\n<meta name=\"source_url\" content=\"\" />\r\n<meta name=\"ms.assetid\" content=\"Microsoft.AspNetCore.Antiforgery.Internal.AntiforgeryOptionsSetup\" />\r\n","rawMetadata":{"monikers":["aspnetcore-1.0","aspnetcore-1.1","aspnetcore-2.0"],"content_git_url":"https://github.com/MicrosoftDocs/aspnetcore-ref-test/blob/master/dotnet/xml/Microsoft.AspNetCore.Antiforgery.Internal/AntiforgeryOptionsSetup.xml","original_ref_skeleton_git_url":"https://github.com/MicrosoftDocs/aspnetcore-ref-test/blob/master/dotnet/xml/Microsoft.AspNetCore.Antiforgery.Internal/AntiforgeryOptionsSetup.xml","author":"dotnet-bot","apiPlatform":"dotnet","search.ms_sitename":"Docs","search.ms_docsetname":"aspnetref","version":null,"_op_canonicalUrlPrefix":"https://docs.microsoft.com/en-us/aspnetref/","locale":"en-us","site_name":"Docs","search.ms_product":"MSDN","_op_openToPublicContributors":true,"depot_name":"MSDN.aspnetref","_op_gitRefSkeletonCommitHistory":[],"open_to_public_contributors":true,"api_name":["Microsoft.AspNetCore.Antiforgery.Internal.AntiforgeryOptionsSetup"],"api_location":["Microsoft.AspNetCore.Antiforgery.dll"],"topic_type":["apiref"],"api_type":["Assembly"],"f1_keywords":["Microsoft.AspNetCore.Antiforgery.Internal.AntiforgeryOptionsSetup","Microsoft::AspNetCore::Antiforgery::Internal::AntiforgeryOptionsSetup"],"dev_langs":["csharp"],"updated_at":"2017-08-21 05:38 AM","document_id":"975dd794-ebc8-4ac4-b2ed-2480de688113","layout":"Reference","_op_layout":"Reference","pagetype":"Reference","title":"AntiforgeryOptionsSetup Class | Microsoft Docs","_op_ogTitle":"AntiforgeryOptionsSetup Class","toc_asset_id":"aspnetcore_dotnet_toc/api/_splitted/Microsoft.AspNetCore.Antiforgery.Internal/toc.json","toc_rel":"../aspnetcore_dotnet_toc/api/_splitted/Microsoft.AspNetCore.Antiforgery.Internal/toc.json","source_url":"","ms.assetid":"Microsoft.AspNetCore.Antiforgery.Internal.AntiforgeryOptionsSetup","canonical_url":"https://docs.microsoft.com/en-us/aspnetref/api/microsoft.aspnetcore.antiforgery.internal.antiforgeryoptionssetup","_op_canonicalUrl":"https://docs.microsoft.com/en-us/aspnetref/api/microsoft.aspnetcore.antiforgery.internal.antiforgeryoptionssetup","fileRelativePath":"api/Microsoft.AspNetCore.Antiforgery.Internal.AntiforgeryOptionsSetup.html"},"themesRelativePathToOutputRoot":"_themes/"}