{"content":"\r\n  \r\n  \t<a id=\"Microsoft_AspNetCore_Authentication_AuthenticationOptions_DefaultScheme\"></a>\r\n  \r\n  <h1>\r\n    <span class=\"lang-csharp\">Authentication&#8203;Options.&#8203;Default&#8203;Scheme</span>\r\n      Property\r\n  </h1>\r\n  \r\n  \t\t\t<h2 class=\"hiddenAnchor\">Definition</h2>\r\n  \r\n  <div class=\"metadata\">\r\n  \t\t<dl class=\"attributeList\">\r\n  \t\t\t<dt>Namespace:</dt>\r\n  \t\t\t<dd>\r\n  \t\t\t\t\t<span class=\"lang-csharp\"><a class=\"xref\" href=\"microsoft.aspnetcore.authentication\" data-linktype=\"relative-path\">Microsoft.AspNetCore.Authentication</a></span>\r\n  \t\t\t</dd>\r\n  \t\t</dl>\r\n  \r\n  \t\t<dl class=\"attributeList\">\r\n  \t\t\t<dt>Assembly:</dt><dd>Microsoft.AspNetCore.Authentication.Abstractions.dll</dd>\r\n  \t\t</dl>\r\n  \r\n  </div>\r\n  \r\n  \r\n  <nav id=\"center-doc-outline\" class=\"doc-outline\" ms.cmpgrp=\"intopic toc\" data-bi-name=\"intopic toc\" role=\"navigation\" aria-label=\"On page navigation\">\r\n    <h3>In This Article</h3>\r\n  </nav>\r\n  \r\n  \t\r\n  \t<div data-moniker=\" aspnetcore-2.0 \">\r\n  \t\t\t\t<div class=\"summaryHolder\">\r\n  \t\t\t\t<div class=\"summary clearFix\">\r\n  \t\t\t\t\t<p>Used as the fallback default scheme for all the other defaults.</p>\n\r\n  \t\t\t\t</div>\r\n  \t\t\t</div>\r\n  \t\r\n  \t\r\n  \t\t\t<pre class=\"wrap loading\"><code class=\"csharp lang-csharp\" dir=\"ltr\">public string DefaultScheme { get; set; }</code></pre>\r\n  \t\r\n  \t\r\n  \t\r\n  \t\r\n  \t\t\t\t<div class=\"propertyInfoTitle stack\">Returns</div>\r\n  \t\t\t\t<div class=\"propertyInfo\">\r\n  \t\t\t\t<div class=\"subtle\">\r\n  \t\t\t\t\t\t<span class=\"lang-csharp\"><span class=\"xref\">System.String</span></span>\r\n  \t\t\t\t</div>\r\n  \t\t\t\t\r\n  \t\t\t\t</div>\r\n  \t\r\n  \t\r\n  \t\r\n  \t\r\n  \t\r\n  \t\r\n  \t\r\n  \t\r\n  \t\r\n  \t</div>","outputRootRelativePath":"../","pageMetadata":"<meta name=\"monikers\" content=\"aspnetcore-2.0\" />\r\n<meta name=\"original_ref_skeleton_git_url\" content=\"https://github.com/MicrosoftDocs/aspnetcore-ref-test/blob/master/dotnet/xml/Microsoft.AspNetCore.Authentication/AuthenticationOptions.xml\" />\r\n<meta name=\"author\" content=\"dotnet-bot\" />\r\n<meta name=\"apiPlatform\" content=\"dotnet\" />\r\n<meta name=\"search.ms_sitename\" content=\"Docs\" />\r\n<meta name=\"search.ms_docsetname\" content=\"aspnetref\" />\r\n<meta name=\"locale\" content=\"en-us\" />\r\n<meta name=\"site_name\" content=\"Docs\" />\r\n<meta name=\"search.ms_product\" content=\"MSDN\" />\r\n<meta name=\"depot_name\" content=\"MSDN.aspnetref\" />\r\n<meta name=\"APIName\" content=\"Microsoft.AspNetCore.Authentication.AuthenticationOptions.DefaultScheme\" />\r\n<meta name=\"APIName\" content=\"Microsoft.AspNetCore.Authentication.AuthenticationOptions.get_DefaultScheme\" />\r\n<meta name=\"APIName\" content=\"Microsoft.AspNetCore.Authentication.AuthenticationOptions.set_DefaultScheme\" />\r\n<meta name=\"APILocation\" content=\"Microsoft.AspNetCore.Authentication.Abstractions.dll\" />\r\n<meta name=\"TopicType\" content=\"apiref\" />\r\n<meta name=\"APIType\" content=\"Assembly\" />\r\n<meta name=\"updated_at\" content=\"2017-08-21 05:38 AM\" />\r\n<meta name=\"document_id\" content=\"1c4deb58-52af-86c1-8509-c388ca9eaa4a\" />\r\n<meta name=\"pagetype\" content=\"Reference\" />\r\n<meta name=\"toc_rel\" content=\"../aspnetcore_dotnet_toc/api/_splitted/Microsoft.AspNetCore.Authentication/toc.json\" />\r\n<meta name=\"source_url\" content=\"\" />\r\n<meta name=\"ms.assetid\" content=\"Microsoft.AspNetCore.Authentication.AuthenticationOptions.DefaultScheme*\" />\r\n","rawMetadata":{"monikers":["aspnetcore-2.0"],"content_git_url":"https://github.com/MicrosoftDocs/aspnetcore-ref-test/blob/master/dotnet/xml/Microsoft.AspNetCore.Authentication/AuthenticationOptions.xml","original_ref_skeleton_git_url":"https://github.com/MicrosoftDocs/aspnetcore-ref-test/blob/master/dotnet/xml/Microsoft.AspNetCore.Authentication/AuthenticationOptions.xml","author":"dotnet-bot","apiPlatform":"dotnet","search.ms_sitename":"Docs","search.ms_docsetname":"aspnetref","version":null,"_op_canonicalUrlPrefix":"https://docs.microsoft.com/en-us/aspnetref/","locale":"en-us","site_name":"Docs","search.ms_product":"MSDN","_op_openToPublicContributors":true,"depot_name":"MSDN.aspnetref","_op_gitRefSkeletonCommitHistory":[],"open_to_public_contributors":true,"api_name":["Microsoft.AspNetCore.Authentication.AuthenticationOptions.DefaultScheme","Microsoft.AspNetCore.Authentication.AuthenticationOptions.get_DefaultScheme","Microsoft.AspNetCore.Authentication.AuthenticationOptions.set_DefaultScheme"],"api_location":["Microsoft.AspNetCore.Authentication.Abstractions.dll"],"topic_type":["apiref"],"api_type":["Assembly"],"f1_keywords":["Microsoft.AspNetCore.Authentication.AuthenticationOptions.DefaultScheme","Microsoft::AspNetCore::Authentication::AuthenticationOptions::DefaultScheme"],"dev_langs":["csharp"],"updated_at":"2017-08-21 05:38 AM","document_id":"1c4deb58-52af-86c1-8509-c388ca9eaa4a","layout":"Reference","_op_layout":"Reference","pagetype":"Reference","title":"DefaultScheme Property | Microsoft Docs","_op_ogTitle":"DefaultScheme Property","toc_asset_id":"aspnetcore_dotnet_toc/api/_splitted/Microsoft.AspNetCore.Authentication/toc.json","toc_rel":"../aspnetcore_dotnet_toc/api/_splitted/Microsoft.AspNetCore.Authentication/toc.json","source_url":"","ms.assetid":"Microsoft.AspNetCore.Authentication.AuthenticationOptions.DefaultScheme*","canonical_url":"https://docs.microsoft.com/en-us/aspnetref/api/microsoft.aspnetcore.authentication.authenticationoptions.defaultscheme","_op_canonicalUrl":"https://docs.microsoft.com/en-us/aspnetref/api/microsoft.aspnetcore.authentication.authenticationoptions.defaultscheme","fileRelativePath":"api/Microsoft.AspNetCore.Authentication.AuthenticationOptions.DefaultScheme.html"},"themesRelativePathToOutputRoot":"_themes/"}