{"monikers":["aspnetcore-1.0","aspnetcore-1.1","aspnetcore-2.0"],"content_git_url":"https://github.com/MicrosoftDocs/aspnetcore-ref-test/blob/master/dotnet/xml/Microsoft.AspNetCore.Authentication/AuthenticateResult.xml","original_ref_skeleton_git_url":"https://github.com/MicrosoftDocs/aspnetcore-ref-test/blob/master/dotnet/xml/Microsoft.AspNetCore.Authentication/AuthenticateResult.xml","author":"dotnet-bot","apiPlatform":"dotnet","search.ms_sitename":"Docs","search.ms_docsetname":"aspnetref","version":null,"locale":"en-us","site_name":"Docs","search.ms_product":"MSDN","depot_name":"MSDN.aspnetref","open_to_public_contributors":true,"api_name":["Microsoft.AspNetCore.Authentication.AuthenticateResult.Ticket","Microsoft.AspNetCore.Authentication.AuthenticateResult.get_Ticket","Microsoft.AspNetCore.Authentication.AuthenticateResult.set_Ticket"],"api_location":["Microsoft.AspNetCore.Authentication.dll","Microsoft.AspNetCore.Authentication.Abstractions.dll"],"topic_type":["apiref"],"api_type":["Assembly"],"f1_keywords":["Microsoft.AspNetCore.Authentication.AuthenticateResult.Ticket","Microsoft::AspNetCore::Authentication::AuthenticateResult::Ticket"],"dev_langs":["csharp"],"updated_at":"2017-08-21 05:38 AM","document_id":"b2ff6501-a12a-cf36-479f-10e6893d6aff","layout":"Reference","pagetype":"Reference","title":"Ticket Property | Microsoft Docs","toc_asset_id":"aspnetcore_dotnet_toc/api/_splitted/Microsoft.AspNetCore.Authentication/toc.json","toc_rel":"../aspnetcore_dotnet_toc/api/_splitted/Microsoft.AspNetCore.Authentication/toc.json","source_url":"","ms.assetid":"Microsoft.AspNetCore.Authentication.AuthenticateResult.Ticket*","canonical_url":"https://docs.microsoft.com/en-us/aspnetref/api/microsoft.aspnetcore.authentication.authenticateresult.ticket","is_dynamic_rendering":true}