{"monikers":["aspnetcore-1.0","aspnetcore-1.1","aspnetcore-2.0"],"content_git_url":"https://github.com/MicrosoftDocs/aspnetcore-ref-test/blob/master/dotnet/xml/ns-Microsoft.AspNetCore.Antiforgery.Internal.xml","original_ref_skeleton_git_url":"https://github.com/MicrosoftDocs/aspnetcore-ref-test/blob/master/dotnet/xml/ns-Microsoft.AspNetCore.Antiforgery.Internal.xml","author":"dotnet-bot","apiPlatform":"dotnet","search.ms_sitename":"Docs","search.ms_docsetname":"aspnetref","version":null,"locale":"en-us","site_name":"Docs","search.ms_product":"MSDN","depot_name":"MSDN.aspnetref","open_to_public_contributors":true,"f1_keywords":["Microsoft.AspNetCore.Antiforgery.Internal","Microsoft::AspNetCore::Antiforgery::Internal"],"dev_langs":["csharp"],"updated_at":"2017-08-21 05:38 AM","document_id":"9a509ad2-6d92-f6eb-77ad-98f82dfa93f8","layout":"Reference","pagetype":"Reference","title":"Microsoft.AspNetCore.Antiforgery.Internal Namespace | Microsoft Docs","toc_asset_id":"aspnetcore_dotnet_toc/api/_splitted/Microsoft.AspNetCore.Antiforgery.Internal/toc.json","toc_rel":"../aspnetcore_dotnet_toc/api/_splitted/Microsoft.AspNetCore.Antiforgery.Internal/toc.json","source_url":"","ms.assetid":"Microsoft.AspNetCore.Antiforgery.Internal","canonical_url":"https://docs.microsoft.com/en-us/aspnetref/api/microsoft.aspnetcore.antiforgery.internal","is_dynamic_rendering":true}