{"monikers":["aspnetcore-1.0","aspnetcore-1.1"],"content_git_url":"https://github.com/MicrosoftDocs/aspnetcore-ref-test/blob/master/dotnet/xml/Microsoft.AspNetCore.Authentication/AuthenticationMiddleware`1.xml","original_ref_skeleton_git_url":"https://github.com/MicrosoftDocs/aspnetcore-ref-test/blob/master/dotnet/xml/Microsoft.AspNetCore.Authentication/AuthenticationMiddleware`1.xml","author":"dotnet-bot","apiPlatform":"dotnet","search.ms_sitename":"Docs","search.ms_docsetname":"aspnetref","version":null,"locale":"en-us","site_name":"Docs","search.ms_product":"MSDN","depot_name":"MSDN.aspnetref","open_to_public_contributors":true,"api_name":["Microsoft.AspNetCore.Authentication.AuthenticationMiddleware`1<TOptions>.CreateHandler"],"api_location":["Microsoft.AspNetCore.Authentication.dll"],"topic_type":["apiref"],"api_type":["Assembly"],"f1_keywords":["Microsoft.AspNetCore.Authentication.AuthenticationMiddleware`1.CreateHandler","Microsoft::AspNetCore::Authentication::AuthenticationMiddleware`1::CreateHandler"],"dev_langs":["csharp"],"updated_at":"2017-08-21 05:38 AM","document_id":"83b104bd-dd8e-0f71-0a61-a2113ca29666","layout":"Reference","pagetype":"Reference","title":"CreateHandler Method | Microsoft Docs","toc_asset_id":"aspnetcore_dotnet_toc/api/_splitted/Microsoft.AspNetCore.Authentication/toc.json","toc_rel":"../aspnetcore_dotnet_toc/api/_splitted/Microsoft.AspNetCore.Authentication/toc.json","source_url":"","ms.assetid":"Microsoft.AspNetCore.Authentication.AuthenticationMiddleware`1.CreateHandler*","canonical_url":"https://docs.microsoft.com/en-us/aspnetref/api/microsoft.aspnetcore.authentication.authenticationmiddleware-1.createhandler","is_dynamic_rendering":true}