{"monikers":["aspnetcore-2.0"],"content_git_url":"https://github.com/MicrosoftDocs/aspnetcore-ref-test/blob/master/dotnet/xml/Microsoft.AspNetCore.Authentication/AuthenticationBuilder.xml","original_ref_skeleton_git_url":"https://github.com/MicrosoftDocs/aspnetcore-ref-test/blob/master/dotnet/xml/Microsoft.AspNetCore.Authentication/AuthenticationBuilder.xml","author":"dotnet-bot","apiPlatform":"dotnet","search.ms_sitename":"Docs","search.ms_docsetname":"aspnetref","version":null,"locale":"en-us","site_name":"Docs","search.ms_product":"MSDN","depot_name":"MSDN.aspnetref","open_to_public_contributors":true,"api_name":["Microsoft.AspNetCore.Authentication.AuthenticationBuilder.AddRemoteScheme","Microsoft.AspNetCore.Authentication.AuthenticationBuilder.AddRemoteScheme<TOptions,THandler>"],"api_location":["Microsoft.AspNetCore.Authentication.dll"],"topic_type":["apiref"],"api_type":["Assembly"],"f1_keywords":["Microsoft.AspNetCore.Authentication.AuthenticationBuilder.AddRemoteScheme","Microsoft::AspNetCore::Authentication::AuthenticationBuilder::AddRemoteScheme","Microsoft.AspNetCore.Authentication.AuthenticationBuilder.AddRemoteScheme``2","Microsoft::AspNetCore::Authentication::AuthenticationBuilder::AddRemoteScheme``2"],"dev_langs":["csharp"],"updated_at":"2017-08-21 05:38 AM","document_id":"372cad59-f9d1-429a-6cb5-280bf188d261","layout":"Reference","pagetype":"Reference","title":"AddRemoteScheme Method | Microsoft Docs","toc_asset_id":"aspnetcore_dotnet_toc/api/_splitted/Microsoft.AspNetCore.Authentication/toc.json","toc_rel":"../aspnetcore_dotnet_toc/api/_splitted/Microsoft.AspNetCore.Authentication/toc.json","source_url":"","ms.assetid":"Microsoft.AspNetCore.Authentication.AuthenticationBuilder.AddRemoteScheme*","canonical_url":"https://docs.microsoft.com/en-us/aspnetref/api/microsoft.aspnetcore.authentication.authenticationbuilder.addremotescheme","is_dynamic_rendering":true}