{"monikers":["aspnetcore-2.0"],"content_git_url":"https://github.com/MicrosoftDocs/aspnetcore-ref-test/blob/master/dotnet/xml/Microsoft.AspNetCore.Authentication/AuthenticationProperties.xml","original_ref_skeleton_git_url":"https://github.com/MicrosoftDocs/aspnetcore-ref-test/blob/master/dotnet/xml/Microsoft.AspNetCore.Authentication/AuthenticationProperties.xml","author":"dotnet-bot","apiPlatform":"dotnet","search.ms_sitename":"Docs","search.ms_docsetname":"aspnetref","version":null,"locale":"en-us","site_name":"Docs","search.ms_product":"MSDN","depot_name":"MSDN.aspnetref","open_to_public_contributors":true,"api_name":["Microsoft.AspNetCore.Authentication.AuthenticationProperties.IsPersistent","Microsoft.AspNetCore.Authentication.AuthenticationProperties.get_IsPersistent","Microsoft.AspNetCore.Authentication.AuthenticationProperties.set_IsPersistent"],"api_location":["Microsoft.AspNetCore.Authentication.Abstractions.dll"],"topic_type":["apiref"],"api_type":["Assembly"],"f1_keywords":["Microsoft.AspNetCore.Authentication.AuthenticationProperties.IsPersistent","Microsoft::AspNetCore::Authentication::AuthenticationProperties::IsPersistent"],"dev_langs":["csharp"],"updated_at":"2017-08-21 05:38 AM","document_id":"4003ffe0-dd37-e2ee-90e5-a03c7df0c8b7","layout":"Reference","pagetype":"Reference","title":"IsPersistent Property | Microsoft Docs","toc_asset_id":"aspnetcore_dotnet_toc/api/_splitted/Microsoft.AspNetCore.Authentication/toc.json","toc_rel":"../aspnetcore_dotnet_toc/api/_splitted/Microsoft.AspNetCore.Authentication/toc.json","source_url":"","ms.assetid":"Microsoft.AspNetCore.Authentication.AuthenticationProperties.IsPersistent*","canonical_url":"https://docs.microsoft.com/en-us/aspnetref/api/microsoft.aspnetcore.authentication.authenticationproperties.ispersistent","is_dynamic_rendering":true}