{"content":"\r\n  <h1>\r\n    <span class=\"lang-csharp\">Microsoft.&#8203;Asp&#8203;Net&#8203;Core.&#8203;Antiforgery</span>\r\n      Namespace\r\n  </h1>\r\n  \r\n  \r\n  <div class=\"metadata\">\r\n  \r\n  \r\n  </div>\r\n  \r\n  <nav id=\"center-doc-outline\" class=\"doc-outline\" ms.cmpgrp=\"intopic toc\" data-bi-name=\"intopic toc\" role=\"navigation\" aria-label=\"On page navigation\">\r\n    <h3>In This Article</h3>\r\n  </nav>\r\n  \t\t<h2 data-moniker=\" aspnetcore-1.0 aspnetcore-1.1 aspnetcore-2.0 \" class=\"accented\" id=\"classes\">Classes\r\n  </h2>\r\n  \r\n  \t<table class=\"nameValue\">\r\n  \t\t<tr id=\"Microsoft_AspNetCore_Antiforgery_AntiforgeryOptions\" data-moniker=\" aspnetcore-1.0 aspnetcore-1.1 aspnetcore-2.0 \" class=\"\">\r\n  \t\t<td>\r\n  \t\t\t<span class=\"lang-csharp\"><a class=\"xref\" href=\"microsoft.aspnetcore.antiforgery.antiforgeryoptions\" data-linktype=\"relative-path\">AntiforgeryOptions</a></span>\r\n  \t\t</td>\r\n  \t\t<td>\r\n  \t\t<p>Provides programmatic configuration for the antiforgery token system.</p>\n\r\n  \t\t</td>\r\n  \t\t</tr>\r\n  \t\t<tr id=\"Microsoft_AspNetCore_Antiforgery_AntiforgeryTokenSet\" data-moniker=\" aspnetcore-1.0 aspnetcore-1.1 aspnetcore-2.0 \" class=\"\">\r\n  \t\t<td>\r\n  \t\t\t<span class=\"lang-csharp\"><a class=\"xref\" href=\"microsoft.aspnetcore.antiforgery.antiforgerytokenset\" data-linktype=\"relative-path\">AntiforgeryTokenSet</a></span>\r\n  \t\t</td>\r\n  \t\t<td>\r\n  \t\t<p>The antiforgery token pair (cookie and request token) for a request.</p>\n\r\n  \t\t</td>\r\n  \t\t</tr>\r\n  \t\t<tr id=\"Microsoft_AspNetCore_Antiforgery_AntiforgeryValidationException\" data-moniker=\" aspnetcore-1.0 aspnetcore-1.1 aspnetcore-2.0 \" class=\"\">\r\n  \t\t<td>\r\n  \t\t\t<span class=\"lang-csharp\"><a class=\"xref\" href=\"microsoft.aspnetcore.antiforgery.antiforgeryvalidationexception\" data-linktype=\"relative-path\">AntiforgeryValidationException</a></span>\r\n  \t\t</td>\r\n  \t\t<td>\r\n  \t\t<p>The <span class=\"xref\">System.Exception</span> that is thrown when the antiforgery token validation fails.</p>\n\r\n  \t\t</td>\r\n  \t\t</tr>\r\n  \t</table>\r\n  \t\t<h2 data-moniker=\" aspnetcore-1.0 aspnetcore-1.1 aspnetcore-2.0 \" class=\"accented\" id=\"interfaces\">Interfaces\r\n  </h2>\r\n  \r\n  \t<table class=\"nameValue\">\r\n  \t\t<tr id=\"Microsoft_AspNetCore_Antiforgery_IAntiforgery\" data-moniker=\" aspnetcore-1.0 aspnetcore-1.1 aspnetcore-2.0 \" class=\"\">\r\n  \t\t<td>\r\n  \t\t\t<span class=\"lang-csharp\"><a class=\"xref\" href=\"microsoft.aspnetcore.antiforgery.iantiforgery\" data-linktype=\"relative-path\">IAntiforgery</a></span>\r\n  \t\t</td>\r\n  \t\t<td>\r\n  \t\t<p>Provides access to the antiforgery system, which provides protection against\n            Cross-site Request Forgery (XSRF, also called CSRF) attacks.</p>\n\r\n  \t\t</td>\r\n  \t\t</tr>\r\n  \t\t<tr id=\"Microsoft_AspNetCore_Antiforgery_IAntiforgeryAdditionalDataProvider\" data-moniker=\" aspnetcore-1.0 aspnetcore-1.1 aspnetcore-2.0 \" class=\"\">\r\n  \t\t<td>\r\n  \t\t\t<span class=\"lang-csharp\"><a class=\"xref\" href=\"microsoft.aspnetcore.antiforgery.iantiforgeryadditionaldataprovider\" data-linktype=\"relative-path\">IAntiforgeryAdditionalDataProvider</a></span>\r\n  \t\t</td>\r\n  \t\t<td>\r\n  \t\t<p>Allows providing or validating additional custom data for antiforgery tokens.\n            For example, the developer could use this to supply a nonce when the token is\n            generated, then he could validate the nonce when the token is validated.</p>\n\r\n  \t\t</td>\r\n  \t\t</tr>\r\n  \t</table>\r\n  \r\n  \r\n","outputRootRelativePath":"../","pageMetadata":"<meta name=\"monikers\" content=\"aspnetcore-1.0\" />\r\n<meta name=\"monikers\" content=\"aspnetcore-1.1\" />\r\n<meta name=\"monikers\" content=\"aspnetcore-2.0\" />\r\n<meta name=\"original_ref_skeleton_git_url\" content=\"https://github.com/MicrosoftDocs/aspnetcore-ref-test/blob/master/dotnet/xml/ns-Microsoft.AspNetCore.Antiforgery.xml\" />\r\n<meta name=\"author\" content=\"dotnet-bot\" />\r\n<meta name=\"apiPlatform\" content=\"dotnet\" />\r\n<meta name=\"search.ms_sitename\" content=\"Docs\" />\r\n<meta name=\"search.ms_docsetname\" content=\"aspnetref\" />\r\n<meta name=\"locale\" content=\"en-us\" />\r\n<meta name=\"site_name\" content=\"Docs\" />\r\n<meta name=\"search.ms_product\" content=\"MSDN\" />\r\n<meta name=\"depot_name\" content=\"MSDN.aspnetref\" />\r\n<meta name=\"updated_at\" content=\"2017-08-21 05:38 AM\" />\r\n<meta name=\"document_id\" content=\"73933466-176c-0eb0-34d5-96f0505559a2\" />\r\n<meta name=\"pagetype\" content=\"Reference\" />\r\n<meta name=\"toc_rel\" content=\"../aspnetcore_dotnet_toc/api/_splitted/Microsoft.AspNetCore.Antiforgery/toc.json\" />\r\n<meta name=\"source_url\" content=\"\" />\r\n<meta name=\"ms.assetid\" content=\"Microsoft.AspNetCore.Antiforgery\" />\r\n","rawMetadata":{"monikers":["aspnetcore-1.0","aspnetcore-1.1","aspnetcore-2.0"],"content_git_url":"https://github.com/MicrosoftDocs/aspnetcore-ref-test/blob/master/dotnet/xml/ns-Microsoft.AspNetCore.Antiforgery.xml","original_ref_skeleton_git_url":"https://github.com/MicrosoftDocs/aspnetcore-ref-test/blob/master/dotnet/xml/ns-Microsoft.AspNetCore.Antiforgery.xml","author":"dotnet-bot","apiPlatform":"dotnet","search.ms_sitename":"Docs","search.ms_docsetname":"aspnetref","version":null,"_op_canonicalUrlPrefix":"https://docs.microsoft.com/en-us/aspnetref/","locale":"en-us","site_name":"Docs","search.ms_product":"MSDN","_op_openToPublicContributors":true,"depot_name":"MSDN.aspnetref","_op_gitRefSkeletonCommitHistory":[],"open_to_public_contributors":true,"f1_keywords":["Microsoft.AspNetCore.Antiforgery","Microsoft::AspNetCore::Antiforgery"],"dev_langs":["csharp"],"updated_at":"2017-08-21 05:38 AM","document_id":"73933466-176c-0eb0-34d5-96f0505559a2","layout":"Reference","_op_layout":"Reference","pagetype":"Reference","title":"Microsoft.AspNetCore.Antiforgery Namespace | Microsoft Docs","_op_ogTitle":"Microsoft.AspNetCore.Antiforgery Namespace","toc_asset_id":"aspnetcore_dotnet_toc/api/_splitted/Microsoft.AspNetCore.Antiforgery/toc.json","toc_rel":"../aspnetcore_dotnet_toc/api/_splitted/Microsoft.AspNetCore.Antiforgery/toc.json","source_url":"","ms.assetid":"Microsoft.AspNetCore.Antiforgery","canonical_url":"https://docs.microsoft.com/en-us/aspnetref/api/microsoft.aspnetcore.antiforgery","_op_canonicalUrl":"https://docs.microsoft.com/en-us/aspnetref/api/microsoft.aspnetcore.antiforgery","fileRelativePath":"api/Microsoft.AspNetCore.Antiforgery.html"},"themesRelativePathToOutputRoot":"_themes/"}