{"monikers":["aspnetcore-2.0"],"content_git_url":"https://github.com/MicrosoftDocs/aspnetcore-ref-test/blob/master/dotnet/xml/Microsoft.AspNetCore.Authentication/AuthenticationScheme.xml","original_ref_skeleton_git_url":"https://github.com/MicrosoftDocs/aspnetcore-ref-test/blob/master/dotnet/xml/Microsoft.AspNetCore.Authentication/AuthenticationScheme.xml","author":"dotnet-bot","apiPlatform":"dotnet","search.ms_sitename":"Docs","search.ms_docsetname":"aspnetref","version":null,"locale":"en-us","site_name":"Docs","search.ms_product":"MSDN","depot_name":"MSDN.aspnetref","open_to_public_contributors":true,"api_name":["Microsoft.AspNetCore.Authentication.AuthenticationScheme"],"api_location":["Microsoft.AspNetCore.Authentication.Abstractions.dll"],"topic_type":["apiref"],"api_type":["Assembly"],"f1_keywords":["Microsoft.AspNetCore.Authentication.AuthenticationScheme","Microsoft::AspNetCore::Authentication::AuthenticationScheme"],"dev_langs":["csharp"],"updated_at":"2017-08-21 05:38 AM","document_id":"4be9cf74-1987-f797-ff09-f1ad246f8830","layout":"Reference","pagetype":"Reference","title":"AuthenticationScheme Class | Microsoft Docs","description":"AuthenticationSchemes assign a name to a specific Microsoft.AspNetCore.Authentication.IAuthenticationHandler             handlerType. ","toc_asset_id":"aspnetcore_dotnet_toc/api/_splitted/Microsoft.AspNetCore.Authentication/toc.json","toc_rel":"../aspnetcore_dotnet_toc/api/_splitted/Microsoft.AspNetCore.Authentication/toc.json","source_url":"","ms.assetid":"Microsoft.AspNetCore.Authentication.AuthenticationScheme","canonical_url":"https://docs.microsoft.com/en-us/aspnetref/api/microsoft.aspnetcore.authentication.authenticationscheme","is_dynamic_rendering":true}