{"monikers":["aspnetcore-2.0"],"content_git_url":"https://github.com/MicrosoftDocs/aspnetcore-ref-test/blob/master/dotnet/xml/Microsoft.AspNetCore.Authentication/AuthenticationHandlerProvider.xml","original_ref_skeleton_git_url":"https://github.com/MicrosoftDocs/aspnetcore-ref-test/blob/master/dotnet/xml/Microsoft.AspNetCore.Authentication/AuthenticationHandlerProvider.xml","author":"dotnet-bot","apiPlatform":"dotnet","search.ms_sitename":"Docs","search.ms_docsetname":"aspnetref","version":null,"locale":"en-us","site_name":"Docs","search.ms_product":"MSDN","depot_name":"MSDN.aspnetref","open_to_public_contributors":true,"api_name":["Microsoft.AspNetCore.Authentication.AuthenticationHandlerProvider.Schemes","Microsoft.AspNetCore.Authentication.AuthenticationHandlerProvider.get_Schemes"],"api_location":["Microsoft.AspNetCore.Authentication.Core.dll"],"topic_type":["apiref"],"api_type":["Assembly"],"f1_keywords":["Microsoft.AspNetCore.Authentication.AuthenticationHandlerProvider.Schemes","Microsoft::AspNetCore::Authentication::AuthenticationHandlerProvider::Schemes"],"dev_langs":["csharp"],"updated_at":"2017-08-21 05:38 AM","document_id":"cd6207b1-0211-535e-2504-ef98e696394f","layout":"Reference","pagetype":"Reference","title":"Schemes Property | Microsoft Docs","toc_asset_id":"aspnetcore_dotnet_toc/api/_splitted/Microsoft.AspNetCore.Authentication/toc.json","toc_rel":"../aspnetcore_dotnet_toc/api/_splitted/Microsoft.AspNetCore.Authentication/toc.json","source_url":"","ms.assetid":"Microsoft.AspNetCore.Authentication.AuthenticationHandlerProvider.Schemes*","canonical_url":"https://docs.microsoft.com/en-us/aspnetref/api/microsoft.aspnetcore.authentication.authenticationhandlerprovider.schemes","is_dynamic_rendering":true}