{"content":"\r\n  \r\n  \t<a id=\"Microsoft_AspNetCore_Antiforgery_AntiforgeryOptions_Cookie\"></a>\r\n  \r\n  <h1>\r\n    <span class=\"lang-csharp\">Antiforgery&#8203;Options.&#8203;Cookie</span>\r\n      Property\r\n  </h1>\r\n  \r\n  \t\t\t<h2 class=\"hiddenAnchor\">Definition</h2>\r\n  \r\n  <div class=\"metadata\">\r\n  \t\t<dl class=\"attributeList\">\r\n  \t\t\t<dt>Namespace:</dt>\r\n  \t\t\t<dd>\r\n  \t\t\t\t\t<span class=\"lang-csharp\"><a class=\"xref\" href=\"microsoft.aspnetcore.antiforgery\" data-linktype=\"relative-path\">Microsoft.AspNetCore.Antiforgery</a></span>\r\n  \t\t\t</dd>\r\n  \t\t</dl>\r\n  \r\n  \t\t<dl class=\"attributeList\">\r\n  \t\t\t<dt>Assembly:</dt><dd>Microsoft.AspNetCore.Antiforgery.dll</dd>\r\n  \t\t</dl>\r\n  \r\n  </div>\r\n  \r\n  \r\n  <nav id=\"center-doc-outline\" class=\"doc-outline\" ms.cmpgrp=\"intopic toc\" data-bi-name=\"intopic toc\" role=\"navigation\" aria-label=\"On page navigation\">\r\n    <h3>In This Article</h3>\r\n  </nav>\r\n  \r\n  \t\r\n  \t<div data-moniker=\" aspnetcore-2.0 \">\r\n  \t\t\t\t<div class=\"summaryHolder\">\r\n  \t\t\t\t<div class=\"summary clearFix\">\r\n  \t\t\t\t\t<p>Determines the settings used to create the antiforgery cookies.</p>\n\r\n  \t\t\t\t</div>\r\n  \t\t\t</div>\r\n  \t\r\n  \t\r\n  \t\t\t<pre class=\"wrap loading\"><code class=\"csharp lang-csharp\" dir=\"ltr\">public Microsoft.AspNetCore.Http.CookieBuilder Cookie { get; set; }</code></pre>\r\n  \t\r\n  \t\r\n  \t\r\n  \t\r\n  \t\t\t\t<div class=\"propertyInfoTitle stack\">Returns</div>\r\n  \t\t\t\t<div class=\"propertyInfo\">\r\n  \t\t\t\t<div class=\"subtle\">\r\n  \t\t\t\t\t\t<span class=\"lang-csharp\"><a class=\"xref\" href=\"microsoft.aspnetcore.http.cookiebuilder\" data-linktype=\"relative-path\">CookieBuilder</a></span>\r\n  \t\t\t\t</div>\r\n  \t\t\t\t\r\n  \t\t\t\t</div>\r\n  \t\r\n  \t\r\n  \t\r\n  \t\r\n  \t\r\n  \t\r\n  \t\r\n  \t\t\t\t<h2 class=\"accented\">Remarks</h2>\r\n  \t\t\t<p>\n            If an explicit <a class=\"xref\" href=\"microsoft.aspnetcore.http.cookiebuilder.name#Microsoft_AspNetCore_Http_CookieBuilder_Name\" data-linktype=\"relative-path\">Name</a> is not provided, the system will automatically generate a\n            unique name that begins with <a class=\"xref\" href=\"microsoft.aspnetcore.antiforgery.antiforgeryoptions.defaultcookieprefix\" data-linktype=\"relative-path\">DefaultCookiePrefix</a>.\n            </p>\n    <p>\n      <a class=\"xref\" href=\"microsoft.aspnetcore.http.cookiebuilder.samesite#Microsoft_AspNetCore_Http_CookieBuilder_SameSite\" data-linktype=\"relative-path\">SameSite</a> defaults to <a class=\"xref\" href=\"microsoft.aspnetcore.http.samesitemode.strict\" data-linktype=\"relative-path\">Strict</a>.\n            <a class=\"xref\" href=\"microsoft.aspnetcore.http.cookiebuilder.httponly#Microsoft_AspNetCore_Http_CookieBuilder_HttpOnly\" data-linktype=\"relative-path\">HttpOnly</a> defaults to <code>true</code>.\n            </p>\r\n  \t\r\n  \t\r\n  \t</div>","outputRootRelativePath":"../","pageMetadata":"<meta name=\"monikers\" content=\"aspnetcore-2.0\" />\r\n<meta name=\"original_ref_skeleton_git_url\" content=\"https://github.com/MicrosoftDocs/aspnetcore-ref-test/blob/master/dotnet/xml/Microsoft.AspNetCore.Antiforgery/AntiforgeryOptions.xml\" />\r\n<meta name=\"author\" content=\"dotnet-bot\" />\r\n<meta name=\"apiPlatform\" content=\"dotnet\" />\r\n<meta name=\"search.ms_sitename\" content=\"Docs\" />\r\n<meta name=\"search.ms_docsetname\" content=\"aspnetref\" />\r\n<meta name=\"locale\" content=\"en-us\" />\r\n<meta name=\"site_name\" content=\"Docs\" />\r\n<meta name=\"search.ms_product\" content=\"MSDN\" />\r\n<meta name=\"depot_name\" content=\"MSDN.aspnetref\" />\r\n<meta name=\"APIName\" content=\"Microsoft.AspNetCore.Antiforgery.AntiforgeryOptions.Cookie\" />\r\n<meta name=\"APIName\" content=\"Microsoft.AspNetCore.Antiforgery.AntiforgeryOptions.get_Cookie\" />\r\n<meta name=\"APIName\" content=\"Microsoft.AspNetCore.Antiforgery.AntiforgeryOptions.set_Cookie\" />\r\n<meta name=\"APILocation\" content=\"Microsoft.AspNetCore.Antiforgery.dll\" />\r\n<meta name=\"TopicType\" content=\"apiref\" />\r\n<meta name=\"APIType\" content=\"Assembly\" />\r\n<meta name=\"updated_at\" content=\"2017-08-21 05:38 AM\" />\r\n<meta name=\"document_id\" content=\"2da9a9c2-72ac-c3f6-2e3b-fc47af89586b\" />\r\n<meta name=\"pagetype\" content=\"Reference\" />\r\n<meta name=\"toc_rel\" content=\"../aspnetcore_dotnet_toc/api/_splitted/Microsoft.AspNetCore.Antiforgery/toc.json\" />\r\n<meta name=\"source_url\" content=\"\" />\r\n<meta name=\"ms.assetid\" content=\"Microsoft.AspNetCore.Antiforgery.AntiforgeryOptions.Cookie*\" />\r\n","rawMetadata":{"monikers":["aspnetcore-2.0"],"content_git_url":"https://github.com/MicrosoftDocs/aspnetcore-ref-test/blob/master/dotnet/xml/Microsoft.AspNetCore.Antiforgery/AntiforgeryOptions.xml","original_ref_skeleton_git_url":"https://github.com/MicrosoftDocs/aspnetcore-ref-test/blob/master/dotnet/xml/Microsoft.AspNetCore.Antiforgery/AntiforgeryOptions.xml","author":"dotnet-bot","apiPlatform":"dotnet","search.ms_sitename":"Docs","search.ms_docsetname":"aspnetref","version":null,"_op_canonicalUrlPrefix":"https://docs.microsoft.com/en-us/aspnetref/","locale":"en-us","site_name":"Docs","search.ms_product":"MSDN","_op_openToPublicContributors":true,"depot_name":"MSDN.aspnetref","_op_gitRefSkeletonCommitHistory":[],"open_to_public_contributors":true,"api_name":["Microsoft.AspNetCore.Antiforgery.AntiforgeryOptions.Cookie","Microsoft.AspNetCore.Antiforgery.AntiforgeryOptions.get_Cookie","Microsoft.AspNetCore.Antiforgery.AntiforgeryOptions.set_Cookie"],"api_location":["Microsoft.AspNetCore.Antiforgery.dll"],"topic_type":["apiref"],"api_type":["Assembly"],"f1_keywords":["Microsoft.AspNetCore.Antiforgery.AntiforgeryOptions.Cookie","Microsoft::AspNetCore::Antiforgery::AntiforgeryOptions::Cookie"],"dev_langs":["csharp"],"updated_at":"2017-08-21 05:38 AM","document_id":"2da9a9c2-72ac-c3f6-2e3b-fc47af89586b","layout":"Reference","_op_layout":"Reference","pagetype":"Reference","title":"Cookie Property | Microsoft Docs","_op_ogTitle":"Cookie Property","toc_asset_id":"aspnetcore_dotnet_toc/api/_splitted/Microsoft.AspNetCore.Antiforgery/toc.json","toc_rel":"../aspnetcore_dotnet_toc/api/_splitted/Microsoft.AspNetCore.Antiforgery/toc.json","source_url":"","ms.assetid":"Microsoft.AspNetCore.Antiforgery.AntiforgeryOptions.Cookie*","canonical_url":"https://docs.microsoft.com/en-us/aspnetref/api/microsoft.aspnetcore.antiforgery.antiforgeryoptions.cookie","_op_canonicalUrl":"https://docs.microsoft.com/en-us/aspnetref/api/microsoft.aspnetcore.antiforgery.antiforgeryoptions.cookie","fileRelativePath":"api/Microsoft.AspNetCore.Antiforgery.AntiforgeryOptions.Cookie.html"},"themesRelativePathToOutputRoot":"_themes/"}