{"monikers":["aspnetcore-2.0"],"content_git_url":"https://github.com/MicrosoftDocs/aspnetcore-ref-test/blob/master/dotnet/xml/Microsoft.AspNetCore.ApplicationInsights.HostingStartup/JavaScriptSnippetTagHelperComponent.xml","original_ref_skeleton_git_url":"https://github.com/MicrosoftDocs/aspnetcore-ref-test/blob/master/dotnet/xml/Microsoft.AspNetCore.ApplicationInsights.HostingStartup/JavaScriptSnippetTagHelperComponent.xml","author":"dotnet-bot","apiPlatform":"dotnet","search.ms_sitename":"Docs","search.ms_docsetname":"aspnetref","version":null,"locale":"en-us","site_name":"Docs","search.ms_product":"MSDN","depot_name":"MSDN.aspnetref","open_to_public_contributors":true,"api_name":["Microsoft.AspNetCore.ApplicationInsights.HostingStartup.JavaScriptSnippetTagHelperComponent..ctor"],"api_location":["Microsoft.AspNetCore.ApplicationInsights.HostingStartup.dll"],"topic_type":["apiref"],"api_type":["Assembly"],"f1_keywords":["Microsoft.AspNetCore.ApplicationInsights.HostingStartup.JavaScriptSnippetTagHelperComponent.#ctor","Microsoft::AspNetCore::ApplicationInsights::HostingStartup::JavaScriptSnippetTagHelperComponent::#ctor"],"dev_langs":["csharp"],"updated_at":"2017-08-21 05:38 AM","document_id":"2ab07675-01e8-4df8-23f2-e5342a856d89","layout":"Reference","pagetype":"Reference","title":"JavaScriptSnippetTagHelperComponent Constructor | Microsoft Docs","toc_asset_id":"aspnetcore_dotnet_toc/api/_splitted/Microsoft.AspNetCore.ApplicationInsights.HostingStartup/toc.json","toc_rel":"../aspnetcore_dotnet_toc/api/_splitted/Microsoft.AspNetCore.ApplicationInsights.HostingStartup/toc.json","source_url":"","ms.assetid":"Microsoft.AspNetCore.ApplicationInsights.HostingStartup.JavaScriptSnippetTagHelperComponent.#ctor*","canonical_url":"https://docs.microsoft.com/en-us/aspnetref/api/microsoft.aspnetcore.applicationinsights.hostingstartup.javascriptsnippettaghelpercomponent.-ctor","is_dynamic_rendering":true}