{"content":"\r\n  \r\n  <h1>\r\n    <span class=\"lang-csharp\">Authentication&#8203;Scheme</span>\r\n    \t\t\t\tClass\r\n  </h1>\r\n  \r\n  \t\t\t<h2 class=\"hiddenAnchor\">Definition</h2>\r\n  \r\n  <div class=\"metadata\">\r\n  \t\t<dl class=\"attributeList\">\r\n  \t\t\t<dt>Namespace:</dt>\r\n  \t\t\t<dd>\r\n  \t\t\t\t\t<span class=\"lang-csharp\"><a class=\"xref\" href=\"microsoft.aspnetcore.authentication\" data-linktype=\"relative-path\">Microsoft.AspNetCore.Authentication</a></span>\r\n  \t\t\t</dd>\r\n  \t\t</dl>\r\n  \r\n  \t\t<dl class=\"attributeList\">\r\n  \t\t\t<dt>Assembly:</dt><dd>Microsoft.AspNetCore.Authentication.Abstractions.dll</dd>\r\n  \t\t</dl>\r\n  \r\n  </div>\r\n  \r\n  \t<div class=\"summaryHolder\">\r\n  \t\t<div class=\"summary clearFix\">\r\n  \t\t\t<p>AuthenticationSchemes assign a name to a specific <a class=\"xref\" href=\"microsoft.aspnetcore.authentication.iauthenticationhandler\" data-linktype=\"relative-path\">IAuthenticationHandler</a>\n            handlerType.</p>\n\r\n  \t\t</div>\r\n  \t</div>\r\n  <nav id=\"center-doc-outline\" class=\"doc-outline\" ms.cmpgrp=\"intopic toc\" data-bi-name=\"intopic toc\" role=\"navigation\" aria-label=\"On page navigation\">\r\n    <h3>In This Article</h3>\r\n  </nav>\t<pre class=\"wrap loading\"><code class=\"csharp lang-csharp\">public class AuthenticationScheme</code></pre>\r\n  \r\n  \r\n  \r\n  \r\n  \r\n  \t<dl class=\"attributeList stack\">\r\n  \t\t<dt>Inheritance</dt><dd>\r\n  \t\t<div class=\"pdlHolder\">\r\n  \t\t<div class=\"pdl\"><span class=\"lang-csharp\"><span class=\"xref\">System.Object</span></span></div><span class=\"lang-csharp\">AuthenticationScheme</span>\r\n  \t\t</div>\r\n  \t\t</dd>\r\n  \t</dl>\r\n  \r\n  \r\n  \r\n  \r\n  \r\n  \r\n  \r\n  \r\n  \t\t\r\n  \t\t\t<h2 class=\"accented \">Constructors\r\n  \t\t</h2>\r\n  \t\t\t<table class=\"nameValue\">\r\n  \t\t\r\n  \t\t\t\t<tr>\r\n  \t\t\t\t\t<td>\r\n  \t\t\t\t\t<span class=\"lang-csharp\"><a class=\"xref\" href=\"microsoft.aspnetcore.authentication.authenticationscheme.-ctor#Microsoft_AspNetCore_Authentication_AuthenticationScheme__ctor_System_String_System_String_System_Type_\" data-linktype=\"relative-path\">Authentication&#8203;Scheme(&#8203;String, &#8203;String, &#8203;Type)</a></span>\r\n  \t\t\t\t</td>\r\n  \t\t\t\t\t<td>\r\n  \t\t\t\t\t\t<p>Constructor.</p>\n\r\n  \t\t\t\t\t</td>\r\n  \t\t\t\t</tr>\r\n  \t\t</table>\t\t\r\n  \t\t\t<h2 class=\"accented \">Properties\r\n  \t\t</h2>\r\n  \t\t\t<table class=\"nameValue\">\r\n  \t\t\r\n  \t\t\t\t<tr>\r\n  \t\t\t\t\t<td>\r\n  \t\t\t\t\t<span class=\"lang-csharp\"><a class=\"xref\" href=\"microsoft.aspnetcore.authentication.authenticationscheme.displayname#Microsoft_AspNetCore_Authentication_AuthenticationScheme_DisplayName\" data-linktype=\"relative-path\">Display&#8203;Name</a></span>\r\n  \t\t\t\t</td>\r\n  \t\t\t\t\t<td>\r\n  \t\t\t\t\t\t<p>The display name for the scheme. Null is valid and used for non user facing schemes.</p>\n\r\n  \t\t\t\t\t</td>\r\n  \t\t\t\t</tr>\r\n  \t\t\t\t<tr>\r\n  \t\t\t\t\t<td>\r\n  \t\t\t\t\t<span class=\"lang-csharp\"><a class=\"xref\" href=\"microsoft.aspnetcore.authentication.authenticationscheme.handlertype#Microsoft_AspNetCore_Authentication_AuthenticationScheme_HandlerType\" data-linktype=\"relative-path\">Handler&#8203;Type</a></span>\r\n  \t\t\t\t</td>\r\n  \t\t\t\t\t<td>\r\n  \t\t\t\t\t\t<p>The <a class=\"xref\" href=\"microsoft.aspnetcore.authentication.iauthenticationhandler\" data-linktype=\"relative-path\">IAuthenticationHandler</a> type that handles this scheme.</p>\n\r\n  \t\t\t\t\t</td>\r\n  \t\t\t\t</tr>\r\n  \t\t\t\t<tr>\r\n  \t\t\t\t\t<td>\r\n  \t\t\t\t\t<span class=\"lang-csharp\"><a class=\"xref\" href=\"microsoft.aspnetcore.authentication.authenticationscheme.name#Microsoft_AspNetCore_Authentication_AuthenticationScheme_Name\" data-linktype=\"relative-path\">Name</a></span>\r\n  \t\t\t\t</td>\r\n  \t\t\t\t\t<td>\r\n  \t\t\t\t\t\t<p>The name of the authentication scheme.</p>\n\r\n  \t\t\t\t\t</td>\r\n  \t\t\t\t</tr>\r\n  \t\t</table>\r\n  \r\n  \r\n  \r\n  \r\n","outputRootRelativePath":"../","pageMetadata":"<meta name=\"monikers\" content=\"aspnetcore-2.0\" />\r\n<meta name=\"original_ref_skeleton_git_url\" content=\"https://github.com/MicrosoftDocs/aspnetcore-ref-test/blob/master/dotnet/xml/Microsoft.AspNetCore.Authentication/AuthenticationScheme.xml\" />\r\n<meta name=\"author\" content=\"dotnet-bot\" />\r\n<meta name=\"apiPlatform\" content=\"dotnet\" />\r\n<meta name=\"search.ms_sitename\" content=\"Docs\" />\r\n<meta name=\"search.ms_docsetname\" content=\"aspnetref\" />\r\n<meta name=\"locale\" content=\"en-us\" />\r\n<meta name=\"site_name\" content=\"Docs\" />\r\n<meta name=\"search.ms_product\" content=\"MSDN\" />\r\n<meta name=\"depot_name\" content=\"MSDN.aspnetref\" />\r\n<meta name=\"APIName\" content=\"Microsoft.AspNetCore.Authentication.AuthenticationScheme\" />\r\n<meta name=\"APILocation\" content=\"Microsoft.AspNetCore.Authentication.Abstractions.dll\" />\r\n<meta name=\"TopicType\" content=\"apiref\" />\r\n<meta name=\"APIType\" content=\"Assembly\" />\r\n<meta name=\"updated_at\" content=\"2017-08-21 05:38 AM\" />\r\n<meta name=\"document_id\" content=\"4be9cf74-1987-f797-ff09-f1ad246f8830\" />\r\n<meta name=\"pagetype\" content=\"Reference\" />\r\n<meta name=\"description\" content=\"AuthenticationSchemes assign a name to a specific Microsoft.AspNetCore.Authentication.IAuthenticationHandler             handlerType. \" />\r\n<meta name=\"toc_rel\" content=\"../aspnetcore_dotnet_toc/api/_splitted/Microsoft.AspNetCore.Authentication/toc.json\" />\r\n<meta name=\"source_url\" content=\"\" />\r\n<meta name=\"ms.assetid\" content=\"Microsoft.AspNetCore.Authentication.AuthenticationScheme\" />\r\n","rawMetadata":{"monikers":["aspnetcore-2.0"],"content_git_url":"https://github.com/MicrosoftDocs/aspnetcore-ref-test/blob/master/dotnet/xml/Microsoft.AspNetCore.Authentication/AuthenticationScheme.xml","original_ref_skeleton_git_url":"https://github.com/MicrosoftDocs/aspnetcore-ref-test/blob/master/dotnet/xml/Microsoft.AspNetCore.Authentication/AuthenticationScheme.xml","author":"dotnet-bot","apiPlatform":"dotnet","search.ms_sitename":"Docs","search.ms_docsetname":"aspnetref","version":null,"_op_canonicalUrlPrefix":"https://docs.microsoft.com/en-us/aspnetref/","locale":"en-us","site_name":"Docs","search.ms_product":"MSDN","_op_openToPublicContributors":true,"depot_name":"MSDN.aspnetref","_op_gitRefSkeletonCommitHistory":[],"open_to_public_contributors":true,"api_name":["Microsoft.AspNetCore.Authentication.AuthenticationScheme"],"api_location":["Microsoft.AspNetCore.Authentication.Abstractions.dll"],"topic_type":["apiref"],"api_type":["Assembly"],"f1_keywords":["Microsoft.AspNetCore.Authentication.AuthenticationScheme","Microsoft::AspNetCore::Authentication::AuthenticationScheme"],"dev_langs":["csharp"],"updated_at":"2017-08-21 05:38 AM","document_id":"4be9cf74-1987-f797-ff09-f1ad246f8830","layout":"Reference","_op_layout":"Reference","pagetype":"Reference","title":"AuthenticationScheme Class | Microsoft Docs","_op_ogTitle":"AuthenticationScheme Class","description":"AuthenticationSchemes assign a name to a specific Microsoft.AspNetCore.Authentication.IAuthenticationHandler             handlerType. ","toc_asset_id":"aspnetcore_dotnet_toc/api/_splitted/Microsoft.AspNetCore.Authentication/toc.json","toc_rel":"../aspnetcore_dotnet_toc/api/_splitted/Microsoft.AspNetCore.Authentication/toc.json","source_url":"","ms.assetid":"Microsoft.AspNetCore.Authentication.AuthenticationScheme","canonical_url":"https://docs.microsoft.com/en-us/aspnetref/api/microsoft.aspnetcore.authentication.authenticationscheme","_op_canonicalUrl":"https://docs.microsoft.com/en-us/aspnetref/api/microsoft.aspnetcore.authentication.authenticationscheme","fileRelativePath":"api/Microsoft.AspNetCore.Authentication.AuthenticationScheme.html"},"themesRelativePathToOutputRoot":"_themes/"}