{"content":"\r\n  \r\n  \t<a id=\"Microsoft_AspNetCore_Antiforgery_AntiforgeryTokenSet__ctor_System_String_System_String_System_String_System_String_\"></a>\r\n  \r\n  <h1>\r\n    <span class=\"lang-csharp\">Antiforgery&#8203;Token&#8203;Set</span>\r\n    \t\tConstructor\r\n  </h1>\r\n  \r\n  \t\t\t<h2 class=\"hiddenAnchor\">Definition</h2>\r\n  \r\n  <div class=\"metadata\">\r\n  \t\t<dl class=\"attributeList\">\r\n  \t\t\t<dt>Namespace:</dt>\r\n  \t\t\t<dd>\r\n  \t\t\t\t\t<span class=\"lang-csharp\"><a class=\"xref\" href=\"microsoft.aspnetcore.antiforgery\" data-linktype=\"relative-path\">Microsoft.AspNetCore.Antiforgery</a></span>\r\n  \t\t\t</dd>\r\n  \t\t</dl>\r\n  \r\n  \t\t<dl class=\"attributeList\">\r\n  \t\t\t<dt>Assembly:</dt><dd>Microsoft.AspNetCore.Antiforgery.dll</dd>\r\n  \t\t</dl>\r\n  \r\n  </div>\r\n  \r\n  \r\n  <nav id=\"center-doc-outline\" class=\"doc-outline\" ms.cmpgrp=\"intopic toc\" data-bi-name=\"intopic toc\" role=\"navigation\" aria-label=\"On page navigation\">\r\n    <h3>In This Article</h3>\r\n  </nav>\r\n  \r\n  \t\r\n  \t<div data-moniker=\" aspnetcore-1.0 aspnetcore-1.1 aspnetcore-2.0 \">\r\n  \t\t\t\t<div class=\"summaryHolder\">\r\n  \t\t\t\t<div class=\"summary clearFix\">\r\n  \t\t\t\t\t<p>Creates the antiforgery token pair (cookie and request token) for a request.</p>\n\r\n  \t\t\t\t</div>\r\n  \t\t\t</div>\r\n  \t\r\n  \t\r\n  \t\t\t<pre class=\"wrap loading\"><code class=\"csharp lang-csharp\" dir=\"ltr\">public AntiforgeryTokenSet (string requestToken, string cookieToken, string formFieldName, string headerName);</code></pre>\r\n  \t\r\n  \t\r\n  \t\r\n  \t\t\t\t<div class=\"propertyInfoTitle stack\">Parameters</div>\r\n  \t\t\t\t<div class=\"propertyInfo\">\r\n  \t\t\t\t<dl class=\"parameterList\">\r\n  \t\t\t\t\t<dt>requestToken</dt>\r\n  \t\t\t\t\t<dd>\r\n  \t\t\t\t\t\t\t<span class=\"lang-csharp\"><span class=\"xref\">System.String</span></span>\r\n  \t\t\t\t\t</dd>\r\n  \t\t\t\t</dl>\r\n  \t\t\t\t<p>The token that is supplied in the request.</p>\n\r\n  \t\t\t\t</div>\r\n  \t\t\t\t<div class=\"propertyInfo stack\">\r\n  \t\t\t\t<dl class=\"parameterList\">\r\n  \t\t\t\t\t<dt>cookieToken</dt>\r\n  \t\t\t\t\t<dd>\r\n  \t\t\t\t\t\t\t<span class=\"lang-csharp\"><span class=\"xref\">System.String</span></span>\r\n  \t\t\t\t\t</dd>\r\n  \t\t\t\t</dl>\r\n  \t\t\t\t<p>The token that is supplied in the request cookie.</p>\n\r\n  \t\t\t\t</div>\r\n  \t\t\t\t<div class=\"propertyInfo stack\">\r\n  \t\t\t\t<dl class=\"parameterList\">\r\n  \t\t\t\t\t<dt>formFieldName</dt>\r\n  \t\t\t\t\t<dd>\r\n  \t\t\t\t\t\t\t<span class=\"lang-csharp\"><span class=\"xref\">System.String</span></span>\r\n  \t\t\t\t\t</dd>\r\n  \t\t\t\t</dl>\r\n  \t\t\t\t<p>The name of the form field used for the request token.</p>\n\r\n  \t\t\t\t</div>\r\n  \t\t\t\t<div class=\"propertyInfo stack\">\r\n  \t\t\t\t<dl class=\"parameterList\">\r\n  \t\t\t\t\t<dt>headerName</dt>\r\n  \t\t\t\t\t<dd>\r\n  \t\t\t\t\t\t\t<span class=\"lang-csharp\"><span class=\"xref\">System.String</span></span>\r\n  \t\t\t\t\t</dd>\r\n  \t\t\t\t</dl>\r\n  \t\t\t\t<p>The name of the header used for the request token.</p>\n\r\n  \t\t\t\t</div>\r\n  \t\r\n  \t\r\n  \t\r\n  \t\r\n  \t\r\n  \t\r\n  \t\r\n  \t\r\n  \t\r\n  \t\r\n  \t</div>","outputRootRelativePath":"../","pageMetadata":"<meta name=\"monikers\" content=\"aspnetcore-1.0\" />\r\n<meta name=\"monikers\" content=\"aspnetcore-1.1\" />\r\n<meta name=\"monikers\" content=\"aspnetcore-2.0\" />\r\n<meta name=\"original_ref_skeleton_git_url\" content=\"https://github.com/MicrosoftDocs/aspnetcore-ref-test/blob/master/dotnet/xml/Microsoft.AspNetCore.Antiforgery/AntiforgeryTokenSet.xml\" />\r\n<meta name=\"author\" content=\"dotnet-bot\" />\r\n<meta name=\"apiPlatform\" content=\"dotnet\" />\r\n<meta name=\"search.ms_sitename\" content=\"Docs\" />\r\n<meta name=\"search.ms_docsetname\" content=\"aspnetref\" />\r\n<meta name=\"locale\" content=\"en-us\" />\r\n<meta name=\"site_name\" content=\"Docs\" />\r\n<meta name=\"search.ms_product\" content=\"MSDN\" />\r\n<meta name=\"depot_name\" content=\"MSDN.aspnetref\" />\r\n<meta name=\"APIName\" content=\"Microsoft.AspNetCore.Antiforgery.AntiforgeryTokenSet..ctor\" />\r\n<meta name=\"APILocation\" content=\"Microsoft.AspNetCore.Antiforgery.dll\" />\r\n<meta name=\"TopicType\" content=\"apiref\" />\r\n<meta name=\"APIType\" content=\"Assembly\" />\r\n<meta name=\"updated_at\" content=\"2017-08-21 05:38 AM\" />\r\n<meta name=\"document_id\" content=\"f5cc3f3f-3d2f-773e-7c7f-f28f5af739cd\" />\r\n<meta name=\"pagetype\" content=\"Reference\" />\r\n<meta name=\"toc_rel\" content=\"../aspnetcore_dotnet_toc/api/_splitted/Microsoft.AspNetCore.Antiforgery/toc.json\" />\r\n<meta name=\"source_url\" content=\"\" />\r\n<meta name=\"ms.assetid\" content=\"Microsoft.AspNetCore.Antiforgery.AntiforgeryTokenSet.#ctor*\" />\r\n","rawMetadata":{"monikers":["aspnetcore-1.0","aspnetcore-1.1","aspnetcore-2.0"],"content_git_url":"https://github.com/MicrosoftDocs/aspnetcore-ref-test/blob/master/dotnet/xml/Microsoft.AspNetCore.Antiforgery/AntiforgeryTokenSet.xml","original_ref_skeleton_git_url":"https://github.com/MicrosoftDocs/aspnetcore-ref-test/blob/master/dotnet/xml/Microsoft.AspNetCore.Antiforgery/AntiforgeryTokenSet.xml","author":"dotnet-bot","apiPlatform":"dotnet","search.ms_sitename":"Docs","search.ms_docsetname":"aspnetref","version":null,"_op_canonicalUrlPrefix":"https://docs.microsoft.com/en-us/aspnetref/","locale":"en-us","site_name":"Docs","search.ms_product":"MSDN","_op_openToPublicContributors":true,"depot_name":"MSDN.aspnetref","_op_gitRefSkeletonCommitHistory":[],"open_to_public_contributors":true,"api_name":["Microsoft.AspNetCore.Antiforgery.AntiforgeryTokenSet..ctor"],"api_location":["Microsoft.AspNetCore.Antiforgery.dll"],"topic_type":["apiref"],"api_type":["Assembly"],"f1_keywords":["Microsoft.AspNetCore.Antiforgery.AntiforgeryTokenSet.#ctor","Microsoft::AspNetCore::Antiforgery::AntiforgeryTokenSet::#ctor"],"dev_langs":["csharp"],"updated_at":"2017-08-21 05:38 AM","document_id":"f5cc3f3f-3d2f-773e-7c7f-f28f5af739cd","layout":"Reference","_op_layout":"Reference","pagetype":"Reference","title":"AntiforgeryTokenSet Constructor | Microsoft Docs","_op_ogTitle":"AntiforgeryTokenSet Constructor","toc_asset_id":"aspnetcore_dotnet_toc/api/_splitted/Microsoft.AspNetCore.Antiforgery/toc.json","toc_rel":"../aspnetcore_dotnet_toc/api/_splitted/Microsoft.AspNetCore.Antiforgery/toc.json","source_url":"","ms.assetid":"Microsoft.AspNetCore.Antiforgery.AntiforgeryTokenSet.#ctor*","canonical_url":"https://docs.microsoft.com/en-us/aspnetref/api/microsoft.aspnetcore.antiforgery.antiforgerytokenset.-ctor","_op_canonicalUrl":"https://docs.microsoft.com/en-us/aspnetref/api/microsoft.aspnetcore.antiforgery.antiforgerytokenset.-ctor","fileRelativePath":"api/Microsoft.AspNetCore.Antiforgery.AntiforgeryTokenSet.-ctor.html"},"themesRelativePathToOutputRoot":"_themes/"}