{"monikers":["aspnetcore-1.0","aspnetcore-1.1","aspnetcore-2.0"],"content_git_url":"https://github.com/MicrosoftDocs/aspnetcore-ref-test/blob/master/dotnet/xml/Microsoft.AspNetCore.Antiforgery/IAntiforgery.xml","original_ref_skeleton_git_url":"https://github.com/MicrosoftDocs/aspnetcore-ref-test/blob/master/dotnet/xml/Microsoft.AspNetCore.Antiforgery/IAntiforgery.xml","author":"dotnet-bot","apiPlatform":"dotnet","search.ms_sitename":"Docs","search.ms_docsetname":"aspnetref","version":null,"locale":"en-us","site_name":"Docs","search.ms_product":"MSDN","depot_name":"MSDN.aspnetref","open_to_public_contributors":true,"api_name":["Microsoft.AspNetCore.Antiforgery.IAntiforgery.IsRequestValidAsync"],"api_location":["Microsoft.AspNetCore.Antiforgery.dll"],"topic_type":["apiref"],"api_type":["Assembly"],"f1_keywords":["Microsoft.AspNetCore.Antiforgery.IAntiforgery.IsRequestValidAsync","Microsoft::AspNetCore::Antiforgery::IAntiforgery::IsRequestValidAsync"],"dev_langs":["csharp"],"updated_at":"2017-08-21 05:38 AM","document_id":"b3c2f15d-adbd-4793-0673-8dd5bbe3b7ad","layout":"Reference","pagetype":"Reference","title":"IsRequestValidAsync Method | Microsoft Docs","toc_asset_id":"aspnetcore_dotnet_toc/api/_splitted/Microsoft.AspNetCore.Antiforgery/toc.json","toc_rel":"../aspnetcore_dotnet_toc/api/_splitted/Microsoft.AspNetCore.Antiforgery/toc.json","source_url":"","ms.assetid":"Microsoft.AspNetCore.Antiforgery.IAntiforgery.IsRequestValidAsync*","canonical_url":"https://docs.microsoft.com/en-us/aspnetref/api/microsoft.aspnetcore.antiforgery.iantiforgery.isrequestvalidasync","is_dynamic_rendering":true}